id пользователя;Безопасность;Конформность;Традиция;Самостоятельность;Риск–новизна;Гедонизм;Достижение;Власть–богатство;Благожелательность;Универсализм;Самостоятельность: Уровень по квартилям;-0,2;1,0
6;0,4;-0,6;0,9;1,9;-0,1;-1,1;-1,1;-2,1;0,6;0,9;высокий;;
5;-1,9;0,1;2,1;1,1;-0,9;-1,9;0,1;2,1;0,6;-1,9;высокий;;
2581;0;0;0;0;0;0;0;0;0;0;средний;;
5937;-0,6;-1,6;-1,6;1,4;1,9;-0,1;0,9;0,9;-0,3;-0,6;высокий;;
2576;1,2;0,7;-0,3;0,7;-0,8;-0,8;0,2;-0,8;-0,4;0,2;средний;;
5939;-0,4;-1,4;-0,4;-0,4;0,1;0,6;0,6;0,6;0,2;0,6;низкий;;
5942;0,4;-3,6;-1,6;0,9;1,4;1,4;0,9;-1,6;0,7;0,9;средний;;
5941;0,6;-0,9;-1,9;1,1;-1,4;-0,9;1,1;1,1;0,4;0,6;высокий;;
5944;1,9;-1,1;-0,6;1,4;0,4;1,4;-1,6;-0,1;-0,8;-0,6;высокий;;
5943;0,3;-0,7;-0,2;-0,7;0,3;0,3;0,3;-0,7;0,3;0,3;низкий;;
5948;-0,2;-2,2;-2,7;0,3;0,8;1,8;1,8;-0,2;0,1;0,3;средний;;
5940;0,1;-0,9;-0,9;1,6;2,1;0,1;-0,9;-0,4;-0,4;0,1;высокий;;
5947;0,8;-0,2;-2,7;-0,7;0,3;0,3;0,3;0,3;0,7;0,3;низкий;;
5946;1;0;-0,5;-0,5;-1;1;0;0;0;0;низкий;;
5949;-0,4;-1,4;-1,4;0,1;0,1;0,1;0,6;0,1;0,8;0,6;средний;;
5951;1,8;-0,2;-1,7;0,3;-0,7;-0,7;-0,2;1,3;0,1;-0,2;средний;;
5952;0,4;-0,6;1,4;-0,1;-0,1;0,9;-1,1;-1,1;0,5;-0,1;средний;;
5953;-1,4;-1,9;-1,9;2,1;2,6;2,1;0,1;0,1;-1,9;1,1;высокий;;
5954;0,6;0,1;-2,4;0,1;-0,4;0,1;1,1;0,6;-0,1;0,6;средний;;
5955;0,6;-0,4;0,6;1,6;0,6;-0,4;-0,9;-0,9;0,2;-0,9;высокий;;
5956;-1,4;-1,9;-1,9;1,6;-0,9;2,1;1,1;1,1;1,1;-1,4;высокий;;
5959;0,6;-1,4;-1,9;1,1;0,6;1,1;-0,4;-0,9;0,8;0,1;высокий;;
5960;0,5;0;0;0,5;0;0,5;-0,5;-1;0,2;-0,5;средний;;
5961;0;-1,5;-2,5;0;0,5;1;0,5;0,5;0;1;средний;;
5963;0,2;0,2;-0,8;0,7;0,2;0,2;0,2;-0,3;0,2;-0,8;средний;;
5964;-0,1;-0,1;-0,1;-0,1;-0,1;-0,1;-0,1;-0,6;0,9;0,4;средний;;
5967;-0,3;-1,8;0,7;1,7;0,7;-2,8;-0,8;-0,3;1;1,7;высокий;;
5968;-0,6;-0,6;-1,1;1,9;0,9;-1,1;1,9;-1,1;-0,6;0,9;высокий;;
5969;0,5;-2;-2;0,5;0;0;0,5;0;0,7;1;средний;;
5970;-1,3;-2,3;-2,3;2,7;1,7;0,2;-0,3;-0,8;0,7;1,2;высокий;;
5971;-0,6;-0,1;0,4;0,4;0,4;-0,1;-0,1;-0,1;-0,1;-0,1;средний;;
5972;1;0;-1;0;-0,5;0,5;0;0,5;-0,5;0,5;средний;;
5974;-1;-1;-0,5;0;1;1;0;0,5;0,7;-1;средний;;
5983;-1,3;-0,8;-0,8;-0,3;-0,8;0,7;1,7;2,7;0,3;-1,3;низкий;;
5982;0,5;-1;-0,5;-0,5;0,5;0,5;0,5;0,5;-0,2;0;низкий;;
5976;-1,8;-2,3;-1,3;1,2;1,2;-0,3;0,2;0,7;0,9;0,7;высокий;;
5979;-0,7;-1,2;-1,7;0,3;-0,2;0,3;-1,2;0,3;1,8;1,3;средний;;
5977;-1,1;-1,1;-1,1;0,9;1,9;-0,1;-0,6;0,4;0;0,9;средний;;
5985;1;0,5;1;-2;-1,5;1;0,5;1;-0,4;-0,5;низкий;;
5986;-3,6;-3,6;-3,6;1,4;1,4;1,4;1,4;1,4;1,4;1,4;высокий;;
5975;-0,9;-0,9;-1,4;0,6;-0,4;0,6;1,6;1,6;-0,4;0,1;средний;;
5981;0,1;-2,4;-2,9;0,6;0,1;1,1;1,1;1,6;0,3;0,1;средний;;
5978;1,3;-1,2;0,8;-1,2;-1,7;-0,7;0,3;1,3;0,8;-0,2;низкий;;
5987;1,1;-0,4;-0,9;-0,4;-1,4;0,1;0,1;-0,4;1,1;0,1;низкий;;
5988;0,1;-0,9;-1,4;0,6;-0,4;0,6;0,6;0,6;-0,1;0,6;средний;;
5980;0,6;-2,9;-1,9;0,1;-0,4;1,6;1,1;1,1;0,9;-0,4;средний;;
5984;-0,4;-0,4;-1,4;-1,4;-0,9;-0,4;1,1;1,1;1,1;1,1;низкий;;
4518;0,3;-1,2;-2,2;0,8;0,3;0,3;1,3;0,3;0;-0,2;средний;;
5991;0,4;-1,6;-3,1;-0,1;0,4;0,4;0,9;0,9;0,9;0,9;средний;;
5992;-0,5;-2;-2,5;1;-0,5;1;-1;1,5;1;1,5;высокий;;
5997;0,5;-3;-1;-0,5;0,5;1,5;1;1;0,3;0;низкий;;
4536;-0,5;-1,5;-2;1;-1,5;0,5;1,5;1,5;0,5;0;высокий;;
5995;1,1;-0,4;-3,4;-0,9;1,1;0,1;1,1;1,1;0,5;-0,9;низкий;;
5504;1,8;-0,7;0,3;-0,2;-1,2;-0,2;-1,2;-0,7;0,5;1,3;средний;;
5996;-0,4;-1,9;-0,4;0,1;-0,9;0,1;1,1;-0,9;1,9;0,6;средний;;
5990;0,7;0,2;0,7;-0,3;-0,3;0,2;-0,8;-0,3;-0,1;0,2;низкий;;
5993;0,1;-0,4;-0,4;0,1;0,1;0,6;-0,4;0,1;0;0,1;средний;;
5994;-0,2;-2,7;-1,7;1,3;0,8;1,8;1,8;-0,7;-0,2;-0,2;высокий;;
4534;-0,2;-1,7;-2,7;0,3;1,8;1,8;-0,2;1,3;-0,2;0,3;средний;;
5999;-0,4;-0,4;-0,9;-0,4;0,6;1,6;-0,4;0,6;-0,1;0,1;низкий;;
4504;0,6;-1,4;-1,4;-0,9;-0,9;1,1;-0,9;-1,9;2,1;2,1;низкий;;
5998;0,2;-0,8;0,2;-1,8;1,2;1,2;0,2;-0,3;-0,1;-0,3;низкий;;
6003;1,3;-1,2;-0,7;-0,2;0,3;0,8;0,8;0,8;-0,6;-0,7;средний;;
6001;2,7;1,2;0,7;-0,8;-2,3;0,7;-0,8;-0,3;0;-0,8;низкий;;
6002;0,4;-0,1;-0,6;-1,1;-0,6;-0,6;1,4;-1,1;1,1;0,4;низкий;;
6004;-0,5;0,5;0;0;0;0;0;0,5;-0,1;-0,5;средний;;
6005;0,4;0,4;-0,1;-0,1;-0,1;-0,1;-0,1;-0,1;-0,4;0,4;средний;;
6000;0,5;-1,5;-1,5;0,5;-1;1;0,5;1;0;0,5;средний;;
6006;-0,2;-1,7;-0,7;0,3;-0,7;0,8;0,8;0,8;0;0,3;средний;;
6007;0,6;-0,9;0,1;0,1;-0,9;1,1;-0,9;0,1;0,6;0,1;средний;;
6009;0;-1;-1,5;1;0,5;0,5;0;-1,5;1;0,5;высокий;;
6008;-0,5;0,5;0;0,5;0;1;1;1;-1,7;-0,5;средний;;
6011;-0,3;-1,8;-2,8;0,7;0,2;0,7;0,7;0,7;0,7;0,7;средний;;
6013;-1,6;-3,1;-3,1;1,9;1,9;0,4;0,9;1,9;-0,8;1,9;высокий;;
6016;0,1;-2,9;-2,9;-0,4;1,6;1,6;1,1;1,1;-0,4;1,1;низкий;;
6015;0,4;-1,6;-1,1;0,4;0,4;0,9;-0,1;-0,1;-0,2;0,9;средний;;
4481;0;-0,5;-1;1;-0,5;0;-1;0,5;1,2;-0,5;высокий;;
6012;0,9;-0,6;-1,1;-0,1;-0,1;-0,6;0,4;0,9;0;0,4;средний;;
6014;1;-1;-1,5;0,5;0,5;0,5;0,5;1;0;-1,5;средний;;
6017;0;-1,5;-1,5;-0,5;0,5;0,5;0,5;0,5;0,3;1;низкий;;
4479;-0,7;-1,7;-0,2;0,8;0,3;1,3;-0,2;-0,2;0,4;0,3;средний;;
6020;-1,4;-1,4;-2,9;1,1;0,6;1,1;0,1;0,6;0,9;1,1;высокий;;
6019;-0,9;-2,9;-2,9;1,1;1,6;1,6;1,6;-0,9;0,6;0,6;высокий;;
6021;0,4;-1,1;0,4;0,4;-0,1;-0,1;-1,1;-0,1;0,4;0,4;средний;;
6018;0,4;-1,1;-1,1;-0,1;0,4;0,4;-1,6;-1,1;1,4;1,4;средний;;
6010;0,1;-2,4;-2,4;1,1;-0,9;1,1;1,6;-0,9;1,2;1,1;высокий;;
6022;0;0;-2;2;1;-1;1;0;-0,7;0;высокий;;
6023;0,5;-1;0;0,5;-0,5;0,5;0;-0,5;0;0,5;средний;;
6024;-0,3;-2,3;-1,8;2,2;2,7;0,7;-1,3;-2,3;0,3;2,2;высокий;;
6025;1,7;0,2;0,7;0,2;-0,8;-1,3;0,7;-0,3;-0,1;-0,8;средний;;
6026;1;-2;-3;0,5;-2;2;2;1;-0,3;0,5;средний;;
4494;0,1;-1,9;-0,4;1,1;-0,4;-0,4;0,6;-0,9;0,9;1,1;высокий;;
6028;-2;-1;0;0;-0,5;1;0,5;1;0,7;-0,5;средний;;
6029;-0,3;-0,3;-1,3;1,2;-0,3;0,2;0,2;-0,8;0,9;-0,3;высокий;;
6032;-0,4;-3,4;-2,9;1,6;1,6;-3,4;1,6;1,6;1,6;1,6;высокий;;
4530;0;-0,5;-1;-0,5;1;1;0;-0,5;-0,3;0,5;низкий;;
2316;1;1;-1,5;1;-1,5;0,5;1;-1;0,1;-0,5;высокий;;
4483;-0,2;-1,2;-1,7;1,3;1,3;-0,2;-0,2;-1,2;0,6;1,3;высокий;;
6030;0,4;-3,6;-3,1;1,4;0,4;0,4;1,4;0,9;0,4;1,4;высокий;;
6031;-0,6;-1,6;0,4;1,4;1,4;0,4;-1,1;0,4;0,7;-1,6;высокий;;
6033;-0,5;-0,5;-2,5;0;0,5;0;0,5;0,5;1;0,5;средний;;
6027;-1,4;0,1;-0,9;0,1;1,1;0,6;-0,9;-0,9;0,3;1,6;средний;;
6042;-0,2;-0,7;-0,7;-0,2;0,3;0,3;-0,7;-0,7;1;1,3;средний;;
6035;-0,7;-1,2;0,3;-0,2;-0,7;0,8;0,8;0,3;0,4;0,3;средний;;
6041;1,5;-2,5;-1;1;-0,5;1,5;1;1;-1,8;0,5;высокий;;
6039;0,8;-1,7;-0,7;0,8;-1,7;0,3;0,8;-0,2;0,1;1,8;средний;;
6045;-1,7;-2,7;-2,2;1,3;-0,7;1,3;0,3;-0,2;1,8;1,8;высокий;;
6038;-3,5;-3,5;-3,5;1,5;1,5;1,5;1,5;1,5;1,5;0,5;высокий;;
6043;0;-2,5;-3;1;1,5;1,5;1,5;1,5;-0,2;-1;высокий;;
6044;1,4;-1,6;-2,6;0,9;-0,6;1,4;-0,6;-0,1;0,6;0,9;средний;;
6037;1;-2,5;-3;0;-0,5;2;0,5;0,5;1,3;0;средний;;
6050;1;-2;-2;0,5;-2;1;0,5;1;0,7;0,5;средний;;
6046;-0,3;-0,3;-1,3;-0,8;-2,3;1,2;0,2;2,2;0,2;1,2;низкий;;
6051;0,4;-0,6;-0,6;-0,6;0,9;1,4;-1,6;0,9;-0,1;0,4;низкий;;
6036;0,1;-1,9;-0,9;1,6;-0,4;0,6;-0,4;1,1;-0,9;1,1;высокий;;
6040;0,9;-1,1;-2,6;0,9;-0,1;0,9;0,9;0,9;-0,8;0,4;средний;;
6047;1,3;0,3;-0,7;-0,2;-1,2;-0,7;-0,2;-0,2;0,8;0,8;средний;;
6048;0,5;-0,5;0;0,5;-1,5;0;0;0,5;-0,3;0,5;средний;;
6049;1,2;0,2;-0,3;-1,8;-1,3;-0,3;1,2;1,7;-0,7;0,7;низкий;;
6052;0;-0,5;-1;0;-0,5;-0,5;1;1,5;-0,1;0;средний;;
6054;0,8;-0,7;-1,7;-1,7;-0,7;1,3;1,3;1,8;0,1;-0,7;низкий;;
6053;1,7;-0,8;-0,8;-0,3;-0,3;0,2;0,2;-0,3;0;0,2;низкий;;
6034;0,6;-3,9;-2,4;1,1;1,1;1,1;1,1;-0,4;0,4;1,1;высокий;;
6055;0,5;-1,5;-2,5;1;0,5;0;0,5;0;0,5;0,5;высокий;;
6056;0,5;-1,5;0,5;0,5;0;-2,5;0,5;0,5;0,5;0,5;средний;;
6064;0,3;-0,2;0,8;-0,7;-0,2;0,8;-0,7;-1,7;0,5;0,8;низкий;;
6062;-2,5;-2;0;1;2;0,5;-0,5;-1,5;0,7;1,5;высокий;;
6057;-1,3;-2,8;-2,8;0,7;2,2;1,2;-2,3;-0,3;2,2;2,2;средний;;
6059;0,2;-1,8;-1,8;-0,3;-0,3;0,7;1,2;-0,3;0,7;1,2;низкий;;
6058;-1,4;-2,9;0,6;0,1;0,1;0,6;-1,4;-0,4;1,8;2,1;средний;;
6060;2,1;-0,9;-1,4;0,6;-1,4;0,1;-0,9;0,6;0,3;0,6;средний;;
6065;0,2;-1,8;-2,3;0,7;0,2;0,7;0,7;0,2;0;1,2;средний;;
6061;0,9;-1,1;-0,1;1,4;0,4;1,9;-0,6;-0,1;-1,4;-0,6;высокий;;
6072;0,3;-0,2;-0,2;-0,7;-1,2;0,3;0,8;-1,2;0,8;0,8;низкий;;
6071;-0,6;-1,6;-1,1;0,9;-0,1;0,4;-1,6;-0,1;1,4;1,4;средний;;
6063;1,1;-1,4;-2,4;-0,9;1,1;1,1;2,1;2,1;-1,2;-0,9;низкий;;
6067;1,3;-1,2;-2,2;0,8;-0,2;0,3;-0,7;-1,2;1,6;0,8;средний;;
6066;1,7;-1,3;-1,3;0,7;0,2;0,2;-0,3;-0,8;-0,6;1,7;средний;;
6069;-0,3;-2,3;-2,3;0,2;0,2;1,7;0,7;-0,3;0,7;1,7;средний;;
6073;-1,2;-0,2;-0,7;0,8;-0,7;-0,2;0,8;1,3;0,1;0,3;средний;;
6070;-0,6;-1,1;-1,1;0,4;-1,6;0,9;0,9;0,9;0,5;0,9;средний;;
6068;-3,1;-2,1;-1,1;0,9;0,4;0,9;0,9;0,9;0,9;0,9;средний;;
6074;-1,3;-2,3;-1,8;0,2;1,2;1,2;1,2;1,2;-0,1;0,2;средний;;
6084;2,1;-2,9;-1,4;-0,4;-2,4;1,6;0,1;0,1;1,5;0,6;низкий;;
6075;0;-0,5;0;0;-1,5;0,5;1,5;0;-0,5;0,5;средний;;
6076;0,3;0,3;-1,7;0,3;-1,2;1,3;-0,2;-0,7;1,1;-0,2;средний;;
6078;-2,2;-2,2;-2,7;1,3;1,3;0,8;1,3;1,8;0,1;0,8;высокий;;
6080;-1,1;-2,6;-2,1;1,4;0,4;1,9;0,4;-0,1;0,2;1,4;высокий;;
6081;1;-0,5;-2,5;-1,5;-0,5;1;2;-0,5;0,4;0,5;низкий;;
6082;0,2;0,7;0,2;-0,3;-0,8;-0,3;-0,3;-0,3;0,4;0,2;низкий;;
6083;1,1;0,6;-0,4;-0,9;0,1;1,1;-1,9;-0,9;0,5;0,1;низкий;;
6089;-1,1;-2,6;-2,6;0,9;1,4;-0,1;1,4;0,4;0,5;1,9;средний;;
6079;1,8;-1,7;-0,7;-1,2;-1,7;-1,2;1,3;0,8;1;0,8;низкий;;
6086;-0,3;-3,3;-1,3;0,7;0,7;0,7;1,2;1,2;-0,4;0,7;средний;;
6091;-1,2;-1,7;-2,7;0,8;0,8;0,8;0,8;0,8;0,5;0,8;средний;;
889;0,1;-2,9;-3,4;1,1;0,6;0,6;1,1;1,1;0,8;0,6;высокий;;
6094;-0,7;-2,2;-1,7;1,8;0,8;0,3;-0,2;1,3;0,3;0,3;высокий;;
6093;0,4;0,4;-1,1;-1,1;-0,1;0,9;0,9;0,9;-0,1;-1,1;низкий;;
6090;1,6;-1,9;-1,4;0,1;-1,4;0,6;-0,9;0,6;1,1;1,1;средний;;
6099;0;-1;-3;1;0,5;1;0,5;-0,5;-0,1;1,5;высокий;;
6092;0,3;-0,7;-0,2;0,8;0,3;0,3;-0,2;-0,7;0,4;-0,2;средний;;
6096;1,1;0,1;-2,9;-0,9;-0,9;0,6;1,1;1,1;0,5;-0,4;низкий;;
6101;-0,5;-2;-2;1;-0,5;1;1,5;1,5;0,1;0;высокий;;
6095;1,9;-1,1;-1,6;0,4;-3,1;-2,1;0,9;0,4;1,9;1,9;средний;;
6097;1;-1;-1,5;-0,5;-1;1,5;-0,5;0,5;0,4;0,5;низкий;;
6100;-0,5;-2;-2,5;0;1,5;0,5;1;0,5;0,5;1;средний;;
6098;1,4;-1,1;-0,6;-0,1;-1,6;-0,1;1,4;-0,1;0,4;0,4;средний;;
6103;-0,5;-2;-2,5;2;-1;1;1;-1;1,3;1;высокий;;
6104;-0,1;-2,1;-2,1;0,9;0,9;0,9;0,4;-0,6;0,6;0,9;средний;;
6102;-0,6;-0,1;-2,1;0,4;0,4;-0,6;-0,6;-0,6;1,4;1,4;средний;;
6077;1,7;-0,8;-0,3;-0,3;-1,8;0,7;-1,8;1,2;0,7;0,2;низкий;;
6088;-1,1;-1,1;-1,6;0,9;0,9;-0,1;0,9;-1,1;0,4;1,9;средний;;
6105;-1,8;-1,3;-0,8;0,2;0,2;1,2;0,2;0,2;0,9;0,7;средний;;
6107;-1,5;-1;-1;0;0;2;0,5;1,5;0,1;-0,5;средний;;
6110;0,3;-2,2;-1,7;0,3;1,3;2,3;2,3;0,3;-1;-1,2;средний;;
6106;0,9;-2,1;-1,6;0,4;0,9;1,9;1,4;0,4;-1;-0,6;средний;;
6114;0,4;-0,1;-0,1;-0,6;-0,6;-0,1;-0,1;-0,6;1;0,4;низкий;;
6115;-0,4;-2,9;-0,9;0,6;1,1;1,1;-0,4;1,1;0,1;0,6;средний;;
6117;-1,4;-0,4;-0,9;-0,4;-0,9;1,6;1,6;1,6;0,2;-0,9;низкий;;
6111;1;-0,5;-2;1;-0,5;-0,5;1;-0,5;0,3;0,5;высокий;;
6128;0,7;-0,8;-2,8;0,2;0,7;0,2;0,7;1,2;0,2;-0,3;средний;;
6129;0,4;-2,6;0,4;0,4;-0,1;0,9;0,9;-0,1;0,2;-0,1;средний;;
6133;1,4;-2,6;-2,1;-1,1;0,4;0,9;0,4;0,4;1,1;0,4;низкий;;
6122;1;-1;-0,5;-0,5;0,5;0,5;0;0;0;-0,5;низкий;;
6130;-0,4;-1,4;0,1;0,6;0,1;0,1;-0,9;-0,9;0,9;1,6;средний;;
6125;0,5;-1;-1;-1,5;-0,5;1;0,5;1,5;0,1;0,5;низкий;;
6121;0,8;-1,7;-1,7;1,3;1,8;1,3;-0,7;-1,7;0,1;0,8;высокий;;
6131;-0,8;-1,3;0,2;-0,3;0,2;1,2;-0,8;-0,8;0,9;0,7;низкий;;
6123;0,8;-0,2;-0,7;0,3;0,3;0,8;0,3;-0,7;-0,7;-0,2;средний;;
6124;0,8;-1,2;0,3;-0,2;0,3;0,3;-1,2;-1,7;1,3;0,8;средний;;
6126;0;-2;-2;0,5;0;1,5;0;0;0,4;1;средний;;
6127;1;-1;-0,5;0;-1;0;0;0;0;1,5;средний;;
6134;0,8;0,3;0,3;-0,2;-1,7;-1,2;-1,2;0,8;1;0,8;средний;;
6135;0,4;-1,6;-0,6;-1,1;-0,1;0,9;0,9;1,9;-0,1;-0,6;низкий;;
6132;2;0;-1;-1;-1;1,5;-2;0,5;-0,7;2,5;низкий;;
6120;1,3;-0,7;-0,7;-0,7;0,3;0,3;0,8;0,3;-0,6;0,3;низкий;;
6087;0,5;0;-2;-0,5;-2;1,5;1;-0,5;0,8;1;низкий;;
6136;1,2;-2,8;-2,8;0,2;0,7;1,2;1,7;1,7;-0,3;-0,3;средний;;
6143;0,5;0;-0,5;-0,5;-0,5;0,5;0,5;0,5;-0,1;-0,5;низкий;;
6141;-0,4;-0,9;-1,9;0,6;-0,4;-0,4;0,6;0,1;0,8;1,1;средний;;
6151;0,5;-0,5;0;-1;-0,5;0,5;0;0;0,2;0,5;низкий;;
6148;0;-1;-2;2;2;0,5;-2;-2;0;2;высокий;;
6142;0,1;-0,9;-1,4;0,6;0,1;0,1;1,1;-0,4;-0,4;1,1;средний;;
6147;0,8;-2,2;-1,7;-1,7;0,8;0,8;0,8;0,8;0,5;0,8;низкий;;
6139;0,3;0,3;-1,2;0,3;-1,7;1,3;-0,2;-0,2;0,5;0,3;средний;;
6144;0,3;-2,2;-1,2;-0,7;0,3;0,8;-0,7;0,8;1,1;0,8;низкий;;
6140;0,1;-1,9;-1,9;1,1;-0,4;0,6;1,1;0,1;0,2;1,1;высокий;;
6152;0,3;0,3;-0,7;-1,7;-0,7;0,8;0,3;0,3;0,3;0,8;низкий;;
6145;0,7;-1,8;-1,3;-0,3;1,2;0,2;0,2;0,2;-0,1;1,2;низкий;;
6146;0,8;-0,7;-1,2;-1,7;0,8;1,3;-1,2;-1,2;0,8;1,8;низкий;;
6155;1,4;-1,1;-2,1;0,9;-1,6;-0,1;-0,6;0,9;0,6;1,4;средний;;
6149;0,8;-1,2;-0,2;-0,7;-0,2;1,3;0,8;0,8;-0,6;-0,2;низкий;;
6154;-1;-1,5;-2,5;0,5;1;0,5;-0,5;-0,5;1,5;1,5;средний;;
6150;1,6;-0,9;-1,9;0,1;-2,4;0,1;0,6;1,6;0,6;0,6;средний;;
6156;-0,2;-2,7;-1,2;1,3;1,3;0,8;0,8;-2,2;0,5;1,3;высокий;;
6153;-0,5;-1;2;0,5;0,5;-1,5;-0,5;-1,5;0,6;1,5;средний;;
6157;0,3;-0,7;-0,7;0,3;0,3;0,3;0,3;-0,2;-0,3;0,3;средний;;
6158;0,3;-1,2;-2,2;0,3;0,8;0,3;-0,2;0,3;0,6;0,8;средний;;
6159;0,3;-2,2;-0,7;-0,2;1,3;-0,7;1,3;-0,2;0,6;0,3;средний;;
6160;0,2;-2,3;0,7;0,2;-2,3;1,7;-0,3;0,7;0,3;1,2;средний;;
6164;-0,7;-0,2;-2,2;-0,2;-0,2;0,8;0,3;0,3;0,8;0,8;средний;;
6165;-0,1;-0,6;-1,6;0,4;-0,1;-0,1;0,4;0,4;0,2;0,9;средний;;
6169;-0,2;-1,7;-3,2;0,8;0,3;1,3;1,3;-0,2;0,6;0,8;средний;;
6167;-0,1;-1,1;-1,1;0,4;0,4;0,9;-0,1;-0,1;0,5;0,4;средний;;
6171;0,5;-1;-0,5;-0,5;-0,5;0,5;0;0,5;0,5;0,5;низкий;;
6168;-1,2;-1,7;-1,7;0,8;-0,7;0,8;1,8;1,3;-0,7;1,3;средний;;
6173;0,5;0;0;0;0;0;0;-0,5;0;0;средний;;
6176;1,2;-1,8;-1,8;-0,3;-0,8;1,7;0,7;0,7;-0,1;0,2;низкий;;
6179;0,1;-0,9;-1,9;0,6;1,1;0,1;1,1;1,1;-0,5;-0,9;средний;;
6175;1;1;-0,5;-1,5;-1,5;0,5;1;1,5;-1;0,5;низкий;;
6184;-0,4;-1,4;-1,4;-0,4;-0,9;1,1;0,6;1,1;0,6;0,6;низкий;;
6183;0,8;-0,7;-3,7;0,3;-1,2;1,3;1,3;0,3;0,7;0,3;средний;;
6180;0,9;-0,6;-0,1;0,4;0,4;1,4;-0,6;-0,1;-0,5;-0,6;средний;;
6177;0,5;-0,5;-2;0;0;1;0;0;0,3;1;средний;;
6181;1,7;1,2;-2,3;-1,3;-1,3;-0,8;0,2;-0,8;0,9;2,2;низкий;;
6178;0,8;-2,2;-2,7;-0,2;-1,7;0,8;1,3;0,8;1,1;1,3;средний;;
6174;-0,6;-0,6;-3,1;-0,1;0,4;1,9;-0,1;0,4;0,6;0,9;средний;;
6186;0,8;-1,7;-2,2;-0,2;0,8;0,3;1,3;-0,2;0,6;0,3;средний;;
6182;0,4;-1,1;-1,6;-1,1;-0,1;1,9;1,9;0,4;0,2;-0,6;низкий;;
6187;2,1;-0,9;-2,4;0,6;-1,4;0,6;1,1;0,1;0,6;-0,4;средний;;
6185;-0,5;-1,5;-2;2;1;0;0,5;-0,5;0,3;0,5;высокий;;
6188;1,2;-1,8;-1,3;0,7;-0,8;1,2;0,7;-0,8;0,7;0,2;средний;;
6189;0;1;-1,5;-1;-1;0;0,5;0,5;0,6;1;низкий;;
6191;1;-1,5;-1,5;0,5;-0,5;1;0;-0,5;0;1;средний;;
6195;1,8;-1,7;-1,7;-1,7;-2,2;1,8;1,8;1,3;0,1;0,3;низкий;;
6194;-0,5;-2;0;-1;-2;0,5;0,5;0,5;1,7;1,5;низкий;;
6192;0,9;-2,1;-2,1;0,9;1,4;1,4;1,4;-0,6;-0,6;-0,1;средний;;
6190;1;-1;-1,5;0;0,5;1,5;-0,5;0;0;0;средний;;
6196;-0,1;-1,1;-1,6;0,4;-0,6;0,4;-0,1;0,4;1;0,9;средний;;
6193;0,6;-1,4;0,1;-0,4;-1,4;0,6;0,1;0,1;0,3;1,1;низкий;;
6197;1,4;0,4;1,4;1,4;-2,1;1,4;0,9;-1,1;-1,5;-1,1;высокий;;
6221;-0,4;-1,4;-2,4;1,6;-0,4;0,1;1,6;-0,9;0,4;1,6;высокий;;
6200;1,3;-0,7;-1,7;-0,2;-0,2;0,8;-0,2;-1,2;0,8;1,3;средний;;
6204;1,3;-0,7;-1,2;1,3;-0,7;1,3;-1,2;-0,7;0,3;-0,2;высокий;;
6199;-2,1;-1,6;-0,6;1,4;1,9;1,9;1,9;1,9;-2,4;-1,1;высокий;;
6205;-1,1;-1,1;-2,6;-0,1;0,9;0,4;0,9;0,9;0,9;0,9;средний;;
6207;2,1;-1,9;-0,9;-0,4;0,6;-0,9;-1,9;-0,9;1,8;1,6;низкий;;
6212;-0,5;-2;-3,5;0;1,5;1,5;1,5;1,5;0,8;-1;средний;;
6213;-0,4;-3,4;-1,4;1,6;1,1;0,6;0,1;1,1;-0,1;1,1;высокий;;
6214;1;-2,5;-2;-0,5;1;0,5;-1,5;0,5;1,2;1,5;низкий;;
6228;-1,1;-0,6;-1,6;0,9;-0,1;0,9;-1,1;-0,6;1,1;1,4;средний;;
6217;1,3;-3,2;-3,2;0,8;1,8;1,8;1,8;1,8;-1,2;-0,7;средний;;
6225;-0,8;-0,3;-1,8;0,7;0,2;0,7;-0,3;0,2;0,9;0,2;средний;;
6230;2,4;-0,6;-2,1;0,4;-1,6;-0,1;0,9;2,4;-0,9;-0,6;средний;;
6202;1;-1;-1,5;1;-0,5;0,5;1;0,5;0;-0,5;высокий;;
6227;0,6;-2,4;-0,9;0,6;1,1;1,1;-0,4;0,6;-0,8;1,1;средний;;
6224;0,8;2,8;2,8;-0,2;-0,2;-1,2;-0,7;-1,2;-1,2;-1,2;средний;;
6220;-0,4;-1,9;-1,4;0,6;1,6;0,6;1,6;0,1;0,2;-0,9;средний;;
6215;-3,3;-3,3;-1,3;-0,3;-0,3;1,2;1,7;1,2;1,7;1,7;низкий;;
6226;1,4;-0,1;-1,1;-0,6;-1,1;1,4;0,4;-1,6;0,1;0,9;низкий;;
6201;-2,5;-2,5;-1;0,5;-0,5;1,5;1,5;0;1,1;1,5;средний;;
6209;1,2;-1,8;-2,3;0,2;0,7;0,7;-0,8;0,2;0,9;0,7;средний;;
6206;-0,6;-1,1;-0,1;-0,1;-0,1;0,9;-0,6;-0,6;0,8;0,9;средний;;
6231;-0,6;0,4;0,4;-0,1;-2,1;-0,6;-0,6;-1,1;1,6;1,9;средний;;
6216;-0,6;-2,6;-2,1;0,9;0,9;-0,1;0,9;0,4;0,9;0,9;средний;;
6232;-1,2;-0,7;-0,7;-1,7;-0,2;1,8;0,3;-0,2;1,1;0,8;низкий;;
6223;0,9;-2,6;-2,1;0,9;-1,1;0,4;-0,1;1,4;0,9;0,9;средний;;
6210;0,6;-0,4;-2,4;0,6;0,6;0,6;0,1;-0,4;-0,1;1,1;средний;;
2624;-3,1;-2,1;0,4;0,4;0,4;-0,6;1,4;1,4;0,4;0,9;средний;;
6235;0,4;-0,6;-3,1;0,9;0,4;0,9;0,9;-0,6;0,2;0,4;средний;;
2620;-0,7;0,3;-0,2;0,8;0,3;-0,2;0,3;0,3;-0,6;0,3;средний;;
6203;0,7;-1,3;-2,8;-0,3;-1,3;1,2;0,7;0,7;0,9;0,7;низкий;;
6233;0;-1;0;1;-1;0;0,5;0;0,6;0;высокий;;
6218;1,9;-0,6;-3,1;-0,1;-1,1;1,9;1,9;-0,6;0,2;-0,6;средний;;
6229;-0,7;0,8;1,3;-1,2;-1,2;-1,2;1,3;0,8;0,4;-0,2;низкий;;
6239;-0,8;0,2;-0,3;0,2;-0,3;-0,3;-0,3;-0,3;0,4;1,2;средний;;
6240;-0,9;-0,4;-2,9;0,1;0,6;1,6;0,6;1,6;-0,7;0,6;средний;;
6251;0,5;0,5;0;-0,5;0,5;0,5;-1;0,5;-0,1;-1;низкий;;
6244;0,9;-0,6;-1,6;-0,6;-1,1;0,9;-0,6;0,9;0,9;0,9;низкий;;
6248;0,7;-2,3;-2,3;0,7;0,7;0,7;0,7;0,7;0;0,7;средний;;
6252;0,3;-1,7;-1,7;1,3;-1,2;1,3;0,3;-1,2;1,3;0,8;высокий;;
6238;0,1;-0,9;-2,4;0,6;-0,4;1,1;1,1;0,6;0,1;0,1;средний;;
6247;0,4;0,9;-0,1;-0,6;-1,6;-0,6;-0,1;-0,6;0,4;1,4;низкий;;
6243;-1,2;-2,7;-3,2;1,8;1,3;1,3;-0,7;-0,7;1,8;1,8;высокий;;
6241;-1,1;-1,1;-1,1;-0,6;0,9;0,4;0,4;-0,1;1,6;-0,1;низкий;;
6242;-0,2;-1,2;-1,7;0,8;-1,7;0,8;1,3;-0,7;1;1,3;средний;;
6246;1;0;-3;0,5;-1,5;1;1;1;0;0;средний;;
6245;0,2;0,2;-0,8;0,2;0,2;0,2;-0,3;-0,8;0,2;0,2;средний;;
6253;-0,2;-1,7;-1,2;0,3;-0,7;0,3;0,8;0,3;1;0,3;средний;;
6249;0,3;-1,7;0,8;0,3;-0,7;-0,2;0,3;-0,2;0,5;0,3;средний;;
6250;-0,7;0,3;-2,2;0,3;0,8;1,3;1,3;-1,7;0,5;-0,2;средний;;
6219;-0,7;-0,7;0,3;0,8;-0,2;0,8;-0,2;-0,2;-0,2;0,8;средний;;
6254;0,2;0,2;-0,8;1,7;0,7;-0,3;1,2;-1,8;-1,3;0,7;высокий;;
6256;0,4;-2,1;-1,6;0,4;0,9;-0,1;0,9;0,9;-0,1;0,9;средний;;
6257;1;-0,5;-2,5;-1;-0,5;1;1;1;0,3;0;низкий;;
6258;1,4;-2,1;-3,6;1,4;0,4;1,4;-0,6;-0,1;0,8;0,4;высокий;;
6255;0,1;-1,9;-0,4;0,1;-0,4;1,6;-0,9;0,1;0,6;1,1;средний;;
6260;0,8;0,3;-1,7;0,3;-0,2;0,3;0,8;1,3;-0,6;-0,7;средний;;
6263;0,7;-1,3;-2,3;1,7;-1,3;0,7;2,2;-1,3;0,2;0,7;высокий;;
6266;-0,1;-0,1;-1,1;-0,1;-0,6;-1,1;-0,1;-0,1;1,1;1,4;средний;;
6268;0,9;0,4;-1,1;-1,1;-1,6;1,4;-0,6;0,9;0,2;0,4;низкий;;
6269;1,3;0,3;-1,2;-0,7;-0,7;0,3;0,3;0,3;0;0,3;низкий;;
6273;-1,9;0,1;2,1;1,1;-0,9;-1,9;0,1;2,1;0,6;-1,9;высокий;;
6277;0;0;0;0;0;0;0;0;0;0;средний;;
6271;0,3;-1,2;-0,7;0,3;-0,7;1,3;-0,7;0,8;0,1;0,8;средний;;
6278;-0,5;-1;-1;1;0,5;-1,5;1;-0,5;0,7;1;высокий;;
6280;-0,2;-1,2;-1,7;0,8;0,8;0,3;0,3;-0,2;0,3;0,8;средний;;
6276;0,5;-1,5;-1,5;0,5;0,5;1,5;0,5;-1,5;0,5;0,5;средний;;
6281;-1,4;-1,9;-0,4;1,6;0,1;0,6;-0,4;-0,9;1,2;1,1;высокий;;
6279;-0,5;-2;-2,5;1,5;-0,5;1;1;1,5;0,4;-0,5;высокий;;
6285;1,4;1,4;0,9;-0,1;-1,6;-2,1;-0,1;0,4;0;-0,1;средний;;
6286;0,9;-0,1;-1,6;0,9;-1,1;-0,1;-2,1;-1,1;1,9;1,4;средний;;
6292;0,2;-1,8;-0,3;1,7;-1,3;1,7;0,2;1,7;-0,7;-0,8;высокий;;
6291;-0,2;-0,7;-2,2;0,8;-1,2;-0,2;0,3;0,8;1;0,8;средний;;
6290;-0,1;-2,1;-2,1;-0,6;-1,6;1,4;0,4;1,4;1,4;1,4;низкий;;
6295;-1;-1;-1,5;0,5;0,5;1;1;-1,5;1;0,5;средний;;
6293;-1,7;-1,7;0,3;0,3;0,3;1,3;0,3;-0,2;1,1;-0,7;средний;;
6297;1;-1,5;-1,5;1;0;-0,5;0;-0,5;1;1;высокий;;
6302;0,5;0;1;1,5;-2,5;-0,5;-2;-1,5;1,7;1;высокий;;
6282;-1,2;0,3;-0,7;1,3;0,3;-0,7;0,8;-1,7;0,6;0,8;высокий;;
6304;0,6;0,6;-0,4;0,1;-0,4;-0,4;1,1;-0,4;-0,1;-0,4;средний;;
6301;1;0,5;0,5;0;-2;0;0;-0,5;0;0;средний;;
6303;-0,2;-0,2;-1,2;0,3;0,3;0,3;0,3;0,3;0;0,3;средний;;
6311;1,7;1,7;-0,3;-2,3;-2,3;2,2;0,7;-1,8;-0,4;0,7;низкий;;
6312;0,4;-0,1;-1,1;0,4;-0,1;0,9;-1,1;-1,6;1,2;0,9;средний;;
6314;0,8;-3,2;-3,2;0,8;0,8;0,8;0,8;0,8;0,8;0,8;средний;;
6316;1,7;-0,8;-1,8;-1,8;-3,3;0,7;1,7;1,7;1;0,7;низкий;;
6317;-0,8;-1,3;0,2;0,7;-0,3;0,7;-0,3;0,7;-0,1;0,7;средний;;
6307;-1;-0,5;-1,5;1;0;0,5;0,5;-0,5;0,1;1,5;высокий;;
6310;1,4;0,9;-0,6;-1,1;0,4;-0,6;0,4;0,4;-0,1;-0,6;низкий;;
6318;-0,4;-0,9;-0,9;-0,4;0,1;1,1;0,1;1,1;-0,4;0,6;низкий;;
6321;1;-4;-4;1;1;1;1;1;1;1;высокий;;
6322;0,2;-0,3;-1,3;0,7;0,7;0,2;-0,3;-1,3;0,7;0,7;средний;;
6324;0,9;0,4;-2,6;-0,6;-2,6;1,9;1,9;1,4;0,2;-1,1;низкий;;
6325;-0,2;-2,7;-0,7;2,3;-0,7;-1,7;1,3;-2,7;2;1,8;высокий;;
6283;-0,4;-0,4;0,1;0,1;-0,4;-0,4;0,1;-0,4;0,8;0,6;средний;;
6323;2,4;2,4;1,9;-2,6;-2,6;-2,1;-2,6;-2,6;2,4;2,4;низкий;;
6327;-0,2;-1,2;-1,2;0,3;-0,7;1,8;-0,2;0,8;0,6;-0,2;средний;;
6313;0,7;0,7;-1,3;0,7;-0,3;-0,3;-0,3;-0,3;0,2;-0,3;средний;;
6330;-0,7;-1,7;-2,2;1,3;-0,2;1,3;-0,2;0,3;0,3;1,3;высокий;;
6331;-2,2;-0,7;-3,2;1,3;-0,7;1,3;1,3;-0,7;1,3;1,3;высокий;;
6332;0,4;1,4;-0,6;0,9;-2,6;1,4;-2,1;0,4;-0,1;0,9;средний;;
6328;0,2;-1,3;-0,8;-0,3;0,7;1,7;-1,3;-0,8;0,7;1,2;низкий;;
6336;-0,4;-2,4;0,6;0,6;-0,4;0,6;1,1;-0,9;0,5;0,1;средний;;
6334;-1,5;-1;-2,5;2;1,5;1;-0,5;-2,5;1,4;1;высокий;;
6337;0,3;-0,2;0,8;-0,7;1,8;-0,7;0,8;-0,2;-0,7;-0,7;низкий;;
6333;0,6;0,6;-2,4;0,1;-1,4;-0,4;1,1;0,6;0,5;0,1;средний;;
6335;0,9;0,4;-0,1;-0,1;-0,6;-1,1;-0,1;-0,6;0,6;0,4;средний;;
6338;-1,5;-1;-1,5;0;-1,5;0,5;0,5;0,5;2;1;средний;;
6339;1,5;-2;-1,5;1;-0,5;1;0;0,5;-0,3;0,5;высокий;;
6341;1,3;-1,7;-1,7;-1,2;-0,2;1,3;1,8;0,8;-0,7;0,8;низкий;;
6345;-1,3;-1,3;0,2;-1,3;0,2;0,2;0,2;0,2;1,2;1,2;низкий;;
6342;1;-0,5;-2;2;-0,5;2,5;-0,5;0,5;-1,4;0;высокий;;
6284;-1,5;0;0,5;0,5;-1,5;2;-1;-0,5;1;0;средний;;
6346;-0,5;-2;-1,5;0,5;-1,5;1,5;2;0,5;1;0;средний;;
6344;2,3;1,3;-0,2;-2,7;-2,7;-1,2;1,3;-0,2;0,3;1,8;низкий;;
6347;-0,6;1,4;-0,1;-0,6;-3,1;-1,1;0,9;0,9;0,9;0,9;низкий;;
6349;-2,2;-3,2;-3,2;1,8;0,8;1,8;0,8;1,8;1,8;-0,7;высокий;;
6350;-0,2;-0,7;-0,2;0,8;-0,2;0,3;-0,2;-0,7;0,1;0,8;средний;;
6351;-0,7;-0,7;-0,2;-0,2;-0,2;-0,2;1,3;-0,2;0,8;0,3;средний;;
6352;0,2;-0,3;0,2;-0,8;0,2;0,7;0,2;0,7;-0,1;-0,8;низкий;;
6354;1,8;0,8;-0,2;-1,2;-1,2;0,8;-1,2;-1,2;0,5;0,8;низкий;;
6357;1,2;1,2;0,7;-1,3;-1,3;0,2;-0,8;-0,8;-0,1;0,7;низкий;;
0;-1,4;0,6;0,6;0,6;0,6;1,1;0,6;-0,4;-0,6;-1,4;средний;;
6355;-1,4;0,6;0,6;0,6;0,6;1,1;0,6;-0,4;-0,6;-1,4;средний;;
6358;1,8;-2,2;-0,2;1,8;-1,2;1,3;-0,7;0,3;-2,2;2,8;высокий;;
6360;-2,2;-2,7;-2,7;1,8;1,3;2,3;-0,2;1,3;0,3;0,3;высокий;;
6365;-0,1;-1,1;-1,1;0,4;-0,1;-0,1;-0,6;-0,6;1,1;1,4;средний;;
6370;0,7;0,2;1,2;-0,3;-0,8;-0,3;-0,8;-1,3;0,7;0,7;низкий;;
6369;0,6;-1,9;-2,9;2,1;1,1;0,6;2,1;0,1;-0,2;-1,4;высокий;;
6373;0,4;0,4;-0,1;0,4;-1,1;-0,1;-1,1;-1,1;0,9;1,4;средний;;
6375;-0,4;0,6;0,1;1,1;-0,9;-0,4;-0,4;-0,4;0;0,6;высокий;;
6377;0,1;-0,4;-1,4;1,6;0,1;0,6;0,1;1,1;-1,4;0,6;высокий;;
6378;-1,4;-1,9;-1,4;1,6;-0,4;2,1;0,1;1,1;0;0,1;высокий;;
6379;-0,4;-1,4;-0,9;-0,9;-3,4;-0,4;1,6;1,6;1,6;1,6;низкий;;
6380;-0,2;-0,7;0,3;-0,2;-0,7;0,3;0,3;-0,7;0,4;1,3;средний;;
6381;-0,5;0;-1;-0,5;-1,5;-1,5;1;1;1,6;1;низкий;;
6383;0,5;0;0,5;0,5;0,5;0,5;-0,5;-0,5;-0,5;-0,5;средний;;
6386;-0,1;-2,1;-2,6;0,4;1,4;-1,1;-0,1;0,9;1,1;1,4;средний;;
6387;1,7;-2,3;-1,3;1,2;-0,8;1,7;-0,8;-0,3;0,7;0,2;высокий;;
6385;-0,5;-1;-0,5;0,5;0;1;-1;-1;1;0,5;средний;;
6391;1,4;0,9;-0,1;-0,6;-2,1;-1,1;-0,1;-1,6;1,8;0,4;низкий;;
6392;1,3;-1,2;-2,7;1,3;-1,7;0,8;1,3;-1,2;0,3;1,3;высокий;;
6395;-2,6;-1,6;-2,1;0,9;1,9;1,4;-0,6;0,4;1,5;0,4;средний;;
6396;-0,2;-0,7;-0,2;0,3;-0,7;0,8;-0,2;-0,7;0,7;0,3;средний;;
6393;0,2;-1,3;-1,8;1,2;1,7;1,2;1,7;-0,8;-1;-0,3;высокий;;
6397;1,8;0,8;-1,2;0,3;-1,2;-1,7;1,8;-0,7;0,1;-0,2;средний;;
6399;0,4;-2,6;-2,6;1,4;0,9;0,9;1,4;-1,1;0,6;0,4;высокий;;
6400;0,8;-2,7;-2,7;0,3;-0,2;0,8;1,3;1,8;-0,5;1,3;средний;;
6401;1,4;0,4;-1,6;-1,1;-3,1;0,9;0,4;1,4;0,7;0,4;низкий;;
6404;2,7;-0,3;0,2;-0,8;-1,8;-1,3;-2,3;0,7;1,7;0,7;низкий;;
6409;2;0;0,5;0,5;-1,5;-1;-1,5;0;0,7;0;средний;;
6408;-0,1;-1,1;-1,6;-2,1;-0,1;0,9;0,9;0,9;0,9;0,9;низкий;;
6403;0,3;-2,7;-0,7;0,8;-0,7;1,8;-1,7;-0,7;1;2,3;средний;;
6412;0;0;0;0;0;0;0;0;0;0;средний;;
6411;-0,6;0,4;-1,6;0,9;-0,1;-0,1;1,4;-0,1;0,2;-0,1;средний;;
6407;0,8;-0,2;-0,2;-0,7;-1,2;0,8;-0,2;0,8;0,4;-0,2;низкий;;
6406;-0,1;-0,6;-1,1;0,4;0,4;0,4;0,4;-0,1;0;0,4;средний;;
6405;0,1;-1,4;-1,4;0,1;0,1;-0,4;-0,4;0,6;1,6;0,6;средний;;
6413;0,1;-0,9;0,6;0,1;-1,4;0,1;0,1;-1,9;1,2;1,6;средний;;
6414;-0,2;0,8;-1,2;0,3;-1,7;0,3;0,3;0,8;0,3;0,3;средний;;
6415;-0,6;-1,1;-1,6;0,4;0,4;0,9;0,9;-0,6;0,9;-0,1;средний;;
6410;-0,9;0,6;-0,4;2,1;-1,4;-1,4;0,6;1,1;-0,9;0,6;высокий;;
6418;-0,9;-1,4;-0,9;0,1;0,6;1,1;-0,4;0,6;0,6;0,6;средний;;
6417;1,1;0,1;-0,9;1,1;0,1;-0,9;-0,4;-0,4;-0,2;0,6;высокий;;
6419;1,2;-1,3;1,2;-2,8;-2,8;1,2;1,2;1,2;1,2;-0,8;низкий;;
6422;1;0;-2;0;0;2;0;0,5;-0,4;-0,5;средний;;
6425;1,4;-3,1;-2,6;-1,6;0,9;1,4;0,9;1,4;1;-0,1;низкий;;
6423;-0,1;0,4;-2,6;1,9;0,4;-0,1;0,9;1,9;-1,4;-0,6;высокий;;
6438;0,8;-1,7;-1,7;0,8;-1,2;0,8;0,8;-0,7;0,8;0,8;средний;;
6437;1,1;-0,4;1,1;0,6;-1,9;0,6;-1,9;-1,4;1,1;0,6;средний;;
6427;0,4;-0,6;-0,1;-0,1;-1,1;-0,1;0,4;-2,1;1,2;1,4;средний;;
6439;-0,2;0,3;-0,7;-0,2;-0,7;0,3;0,3;-0,7;0,3;1,3;средний;;
6435;-0,9;-3,4;-1,9;1,6;1,1;0,6;1,6;1,6;-0,7;0,6;высокий;;
6434;0,9;-0,6;-2,1;0,4;-0,6;0,9;0,9;-1,1;0,4;0,9;средний;;
6433;0;-1,5;-1,5;2;-1;-0,5;0,5;-2;2;1;высокий;;
6440;1;-3;-2,5;1,5;1,5;-1;0,5;-0,5;0,8;1,5;высокий;;
6424;1,5;-1;-1,5;0;-0,5;0,5;-0,5;-0,5;0,5;1;средний;;
6426;0,5;-2;-2;0,5;0,5;0,5;0,5;0;0,5;0,5;средний;;
6443;1,1;-0,4;-0,9;0,6;-1,4;-0,4;1,1;0,1;0,1;-0,4;средний;;
6436;-1,2;-2,7;-0,7;1,8;1,3;0,8;-0,7;-2,2;1,5;1,3;высокий;;
6429;-0,3;-1,3;-1,3;0,7;-0,3;-0,3;0,2;-0,3;1,3;1,2;средний;;
6446;0;-1;-2;-0,5;0,5;0;-0,5;-0,5;1,5;1,5;низкий;;
6444;-1;-3;-0,5;0,5;2;1;-0,5;1;-0,7;1,5;средний;;
6430;1,2;-0,3;-1,8;0,2;-0,8;0,2;-0,8;0,7;0,2;1,2;средний;;
6441;-0,2;-1,7;-3,7;1,3;1,3;1,3;0,8;1,3;-0,3;-0,2;высокий;;
6428;-0,4;-2,4;-0,4;1,1;1,1;0,6;-0,9;-0,4;0,9;0,6;высокий;;
6447;-1,4;0,6;0,1;1,1;-0,9;0,6;-1,9;0,1;1,8;-0,9;высокий;;
6445;0,6;-1,9;-0,9;0,1;-0,4;0,1;1,1;0,1;0,4;0,6;средний;;
6432;0,4;0,4;-0,1;-0,1;-0,1;-0,1;-0,1;-0,1;-0,3;0,4;средний;;
6448;0,9;-1,1;-1,6;-0,1;-1,6;-0,6;0,9;-1,1;1,9;1,4;средний;;
6449;0,7;-2,3;-1,8;1,2;-0,8;0,2;1,2;-1,3;1,2;0,7;высокий;;
6451;0,3;0,3;0,3;-0,2;-1,7;0,3;-0,7;0,3;0,3;0,3;средний;;
6452;-3,4;-1,9;-1,4;1,1;1,1;-0,4;1,1;1,1;0,8;1,1;высокий;;
6454;1,7;-0,3;0,7;-1,8;-0,8;1,2;-1,3;-0,8;0;1,2;низкий;;
6455;-0,5;-1,5;-1;1;1;0,5;0,5;0,5;0;0;высокий;;
6456;-0,5;-0,5;-0,5;-0,5;-0,5;-0,5;0,5;-0,5;1,2;1;низкий;;
6459;0,9;0,4;-1,1;0,9;-1,6;-1,1;0,4;-1,6;1,2;1,4;средний;;
6458;0,1;-1,4;-2,4;0,1;1,1;0,6;-0,9;0,6;0,6;1,6;средний;;
6461;0,4;-2,1;-2,6;-0,6;0,4;1,9;1,4;0,9;0,2;0,4;низкий;;
6462;-0,7;-3,2;-1,2;1,3;1,3;0,3;-1,7;0,3;1,3;1,3;высокий;;
6299;-0,2;-2,7;-0,2;0,8;1,8;0,3;-0,7;-1,2;0,6;1,3;средний;;
6463;0,6;-0,9;-0,9;0,6;-0,9;-1,4;0,1;0,1;1,1;1,1;средний;;
6474;-0,5;1;1,5;-0,5;-1;0;-0,5;-1,5;0,7;0,5;низкий;;
6470;-2,9;-2,4;-3,4;1,6;1,1;0,6;1,6;0,6;1,2;1,6;высокий;;
6477;-0,3;-0,3;-0,3;1,2;-0,8;-0,8;-1,3;-0,8;1,9;0,7;высокий;;
6473;1,2;-1,3;-0,8;1,7;0,7;-0,3;-1,3;-2,3;0,5;1,7;высокий;;
6476;-0,5;1;-2,5;1;0;1;1;-0,5;-0,6;0;высокий;;
6475;-0,4;-0,9;-1,4;0,6;-0,4;1,1;0,1;0,1;0,5;0,1;средний;;
6480;-1,1;-0,6;-0,1;0,4;0,4;-0,6;-0,1;-0,6;1,1;0,4;средний;;
6478;0,1;-1,4;-1,4;1,1;0,6;0,6;0,1;1,1;-0,5;-0,4;высокий;;
6479;-0,3;0,2;-2,3;1,2;-0,8;-0,8;1,2;-0,8;0,9;0,7;высокий;;
6481;-0,8;-0,8;0,7;-0,3;-0,8;2,2;-0,8;-0,8;0,9;-0,3;низкий;;
6471;0,4;0,4;-0,1;0,4;-2,1;1,9;-1,1;-0,1;-0,3;0,9;средний;;
6483;1,2;-0,3;1,7;-0,3;-1,3;-0,8;-0,8;-2,3;1;1,7;низкий;;
6468;0,4;0,4;-1,1;-0,6;-0,1;1,4;0,9;-0,6;0;-0,6;низкий;;
6506;-1,3;-1,3;1,2;2,7;-1,3;0,2;0,2;0,2;0,7;-1,3;высокий;;
6505;-2,5;0;1,5;-2;0;-0,5;2,5;0;0,5;0,5;низкий;;
6490;-0,9;-1,4;-1,9;1,1;1,1;0,6;-0,4;-0,4;0,9;1,1;высокий;;
6487;0;-0,5;0;0;1,5;1,5;0;-1,5;-0,4;0;средний;;
6467;-1,4;-1,9;-0,9;1,1;0,1;2,1;-1,9;-1,4;2;1,1;высокий;;
6501;1,2;1,2;-0,3;-0,3;-0,3;1,2;-1,8;-1,8;0,5;0,2;низкий;;
6489;-0,1;0,4;-2,1;0,4;0,4;0,4;0,4;-0,6;0,4;0,4;средний;;
6500;0,2;-1,3;-1,8;0,7;0,7;0,7;-0,8;0,2;0,7;0,7;средний;;
6491;0,1;-1,4;-0,9;0,6;0,6;0,6;0,1;-0,4;0,9;-0,4;средний;;
6531;1,1;-3,4;-3,9;1,1;1,1;1,1;1,1;1,1;0,4;0,1;высокий;;
6512;-1,4;-0,4;-1,4;0,6;-0,4;0,6;1,1;1,1;-0,2;0,1;средний;;
6498;0,7;0,2;-1,3;0,2;-1,3;1,2;-0,8;-0,3;0;1,2;средний;;
6519;-1,9;0,1;2,1;1,1;-0,9;-1,9;0,1;2,1;0,6;-1,9;высокий;;
6499;-1,1;-1,1;-2,1;1,4;0,4;0,9;0,4;0,4;0,5;0,4;высокий;;
6528;0,9;-0,1;-0,1;-0,1;-0,1;-0,1;-0,1;-0,1;-0,1;-0,1;средний;;
6496;-1,1;-0,6;-1,1;-0,1;0,4;0,9;0,9;1,9;-0,4;-0,6;средний;;
6516;0,8;-2,7;-0,7;-0,2;1,3;0,8;0,3;1,8;-1,2;0,8;средний;;
6507;0;-0,5;0;-0,5;0,5;0,5;-0,5;-1;0,5;0,5;низкий;;
6534;-0,1;-0,6;-2,1;0,4;-1,6;0,4;0,9;0,9;0,9;0,4;средний;;
6508;0,1;-1,9;-1,4;-0,4;-0,9;2,1;-1,9;0,1;1,8;1,1;низкий;;
6523;-0,7;-1,7;-3,2;1,3;1,3;0,8;0,3;-0,2;1,3;-0,2;высокий;;
6495;-1,4;-1,9;-1,4;1,6;1,6;0,1;-0,4;0,6;0,4;0,6;высокий;;
6503;0,8;0,3;0,8;0,3;-1,2;-1,7;-0,7;-1,2;1;1,3;средний;;
6488;-3,5;-3;-2;1,5;1,5;1,5;1,5;-1;1,5;1;высокий;;
6514;-0,5;-1;-0,5;1;0,5;-0,5;1;0;0,3;0;высокий;;
6518;0,8;-0,2;0,3;-0,2;-0,2;-0,2;-0,7;-0,7;0,7;-0,2;средний;;
6529;-1,6;-0,1;-0,1;-0,1;1,4;1,4;-0,1;-2,1;0,7;0,4;средний;;
6494;0,7;-0,3;-0,8;-0,3;-0,8;0,7;0,2;-0,3;0,3;0,7;низкий;;
6486;0,3;-0,2;-0,2;-0,7;-2,7;-0,7;1,3;0,3;1,3;0,3;низкий;;
6524;0,7;-0,3;-0,3;0,2;-1,8;-1,3;1,2;-0,3;0,7;0,7;средний;;
6527;-1;-1;-3,5;1,5;1,5;0;1,5;0,5;-0,5;1,5;высокий;;
6539;0,1;0,1;-1,4;-0,4;0,1;0,1;0,1;0,1;0,1;0,6;низкий;;
6497;0,3;-1,7;0,8;-0,2;-0,7;0,3;-2,2;-2,2;2,4;2,3;средний;;
6517;0,1;0,1;-1,9;0,1;-0,9;-0,9;1,1;-0,9;1,1;1,1;средний;;
6536;1,5;0;-1,5;-0,5;-1;1,5;1;1,5;-0,7;-1,5;низкий;;
6522;0,2;-2,8;-2,8;-0,8;0,2;1,2;2,2;1,2;0,9;-0,3;низкий;;
6513;2;0;0,5;-0,5;-1,5;-1;-1,5;-1;1,5;0,5;низкий;;
6511;0,7;-1,3;-1,8;1,2;0,2;1,2;0,7;-0,8;0,2;-0,3;высокий;;
6515;-1,7;-1,2;-1,7;0,8;0,8;0,3;0,8;0,3;0,7;0,3;средний;;
6504;1,3;-0,7;-0,7;-0,7;-1,2;0,3;-0,7;-0,2;0,8;1,3;низкий;;
6542;-0,6;-1,1;-0,1;0,9;0,4;-1,1;0,9;0,4;-0,6;0,9;средний;;
6538;0,2;-1,8;1,2;-0,3;-0,3;-0,8;0,7;0,7;-0,1;0,7;низкий;;
6510;0,6;-1,9;-1,4;1,1;0,1;0,6;0,6;0,6;0,2;-0,4;высокий;;
6492;0,4;0,4;-0,6;0,9;-1,6;-1,6;0,4;-0,1;0,7;0,9;средний;;
6526;0,3;-0,2;-1,2;-0,2;-0,7;-0,7;0,8;0,3;0,8;0,8;средний;;
6537;0,7;-1,8;-0,8;0,7;-1,3;-0,3;-0,3;-0,8;1,5;1,7;средний;;
6509;0,5;0;0;0;-1;-1;-0,5;-0,5;0,9;1;средний;;
6541;-0,9;-1,4;-1,9;0,1;0,6;0,6;0,6;0,6;0,6;0,6;средний;;
6525;0,4;0,9;-0,6;-1,1;-1,6;0,9;0,9;1,4;-0,5;-0,1;низкий;;
6521;0,4;1,4;1,4;-0,6;-0,6;-0,6;-0,6;-0,1;-0,6;-0,1;низкий;;
6520;0,9;-0,1;-1,6;0,4;-0,1;-0,1;-0,1;-0,6;0,2;0,9;средний;;
6530;1,6;-2,9;-1,9;0,1;-0,9;1,6;1,6;1,6;-0,4;0,1;средний;;
6532;1,6;-1,4;-0,4;-0,4;-0,9;0,6;-0,9;-0,4;1;0,6;низкий;;
6472;0,2;-1,8;-2,8;1,7;1,2;1,2;1,2;-0,8;0,5;-0,8;высокий;;
6502;0,1;-0,4;-1,9;-0,9;0,1;1,1;1,1;1,6;0,2;-0,9;низкий;;
6543;0;-0,5;2;-0,5;-0,5;-1,5;-0,5;2;0,6;-1;низкий;;
6544;-1,9;-1,4;-2,9;1,6;1,1;1,6;1,6;1,6;-1,4;1,1;высокий;;
6493;0,7;0,7;0,2;-0,3;-1,8;-0,3;-0,3;-0,3;0,6;0,2;низкий;;
6546;-0,7;-1,7;-1,2;0,3;0,8;0,3;-0,7;0,3;1;1,3;средний;;
6545;0,9;-0,1;-0,1;0,9;-2,1;-1,1;-0,1;-0,6;1;0,9;средний;;
6553;0,9;1,4;0,4;-0,6;-1,6;-1,1;-1,1;-0,6;1,2;0,4;низкий;;
6550;0,2;0,2;0,2;-1,3;-2,3;0,7;-0,3;0,2;0,9;0,7;низкий;;
6557;0,7;-1,3;0,7;-0,8;-1,3;0,7;0,7;-0,8;0,7;0,7;низкий;;
6561;0,1;0,1;-1,4;-0,9;-0,4;0,6;1,1;-0,4;0,4;0,6;низкий;;
6562;-0,9;0,1;0,1;0,6;0,1;0,1;-0,4;-1,9;1,1;0,6;средний;;
6560;-0,9;-0,9;0,1;-0,9;-0,9;0,1;1,6;1,6;-0,1;0,6;низкий;;
6554;-0,3;-0,8;-2,3;0,7;0,7;0,7;-0,3;0,2;1;-0,3;средний;;
6559;0;-1,5;-1;-0,5;1;1;0;-1;1;1;низкий;;
6556;-0,1;-1,6;-1,1;-0,6;-0,6;-0,6;1,4;-0,1;1,6;0,9;низкий;;
6570;-2;-2,5;-0,5;0;1;0,5;-1;1;1,2;1,5;средний;;
6563;0,8;-0,2;-0,7;0,8;0,8;-0,7;-1,7;-1,7;1,3;0,3;средний;;
6551;0,8;-1,2;0,3;-1,7;-0,7;1,3;-0,2;-0,2;0,6;0,8;низкий;;
6567;0,1;-1,4;-0,9;-1,4;-0,4;1,6;0,1;-0,4;0,9;1,6;низкий;;
6568;0,3;-1,2;-1,2;0,3;-0,2;0,3;0,8;0,3;0;0,3;средний;;
6558;0,9;-1,1;-1,1;-0,1;-0,1;1,4;0,9;0,9;-0,6;-0,6;средний;;
6552;0;-0,5;1;0,5;-1;-1;-1;-1;0,9;1,5;средний;;
6555;0,5;-2;-0,5;1;0,5;0,5;-2;-1;1;1;высокий;;
6569;1;-1;-1,5;1;0,5;-1,5;1;1;-0,7;1;высокий;;
6549;0;1;1;0;-2;-1;0,5;-0,5;0,7;-0,5;средний;;
6548;0;0,5;0,5;0;-1;0;0;-1;0,6;0,5;средний;;
6547;-0,4;-0,9;-0,9;0,1;0,1;0,1;-0,9;0,1;1;1,1;средний;;
6565;0,1;-0,9;-0,9;1,1;-2,4;0,1;-0,9;1,6;0,3;1,6;высокий;;
6485;-0,2;-3,7;-3,7;1,3;1,3;1,3;1,3;1,3;0,3;0,8;высокий;;
6573;0,1;-1,4;-0,4;-0,4;0,1;-0,4;1,1;-0,9;0,9;1,1;низкий;;
6574;0,7;-0,3;-0,8;-0,8;-1,3;0,2;0,2;-0,8;1,2;0,7;низкий;;
6571;1,4;-0,1;-1,6;-0,1;0,4;-0,1;-1,1;-0,1;0,6;0,4;средний;;
6577;0,2;-1,8;-0,8;1,7;-2,3;2,2;1,2;1,2;-0,8;-0,3;высокий;;
6540;0,3;0,8;-1,7;-0,2;-1,7;0,3;-0,2;-0,2;1;1,3;средний;;
6576;0,7;0,7;-0,3;0,7;0,2;-1,3;0,2;-2,3;0,7;0,2;средний;;
6579;0,9;-1,6;-3,6;0,4;-0,1;0,9;0,9;0,9;0,2;0,9;средний;;
6581;1,5;0;-0,5;0;-3;2;-0,5;-1,5;0,7;1;средний;;
6566;0;-1,5;1;0;-2;-2;0;1;1;1,5;средний;;
6582;0,6;-1,4;-1,9;1,1;0,1;0,1;0,1;0,6;0,4;0,1;высокий;;
6465;1,2;0,7;0,7;-0,8;-1,3;-0,3;-0,3;-0,8;0,2;0,2;низкий;;
6466;0;0;0;0;0;0;0;0;0;0;средний;;
6583;0,1;-1,9;-1,4;-0,4;0,6;0,6;0,6;0,1;0,4;1,1;низкий;;
6585;1,5;-1,5;-1,5;-0,5;-0,5;0;-1;1;1;0,5;низкий;;
6450;-2,2;-3,2;-1,2;0,8;1,3;0,3;1,3;-0,7;1,3;1,3;средний;;
6586;0,2;-0,3;0,2;0,2;-1,3;-2,3;1,7;-0,8;0,6;1,2;средний;;
6587;-0,8;0,2;-0,8;0,2;0,7;0,2;-0,3;-0,3;0,6;-0,3;средний;;
6588;0,3;-1,2;-2,2;1,8;1,8;1,8;1,8;-0,7;-1,9;-0,2;высокий;;
6589;0,1;-0,4;-1,9;0,1;-0,9;-0,4;1,1;-0,9;1,1;1,1;средний;;
6590;0,1;-0,4;-0,9;1,1;0,1;-0,9;1,6;-0,4;-0,4;0,1;высокий;;
6591;0,1;0,1;-0,4;0,1;-0,4;0,1;0,1;0,1;0,1;0,1;средний;;
6593;-1,9;-3,4;-3,4;1,6;1,6;1,6;0,6;1,6;1,3;-0,4;высокий;;
6594;-0,3;0,2;-2,8;0,7;0,2;0,7;0,7;0,7;0;0,2;средний;;
6584;-1,5;-2;-1;-0,5;1;3;-1;2;0,6;-0,5;низкий;;
6597;0;0;0;0;0;0;0;0;0;0;средний;;
6596;-1,9;-2,4;-1,4;1,6;2,1;-0,9;2,6;0,6;0;-0,4;высокий;;
6595;-0,5;-0,5;-1;1;0,5;-1,5;1,5;1;-0,3;-0,5;высокий;;
6598;1,2;-0,8;-0,3;0,2;-2,3;0,7;0,2;-0,8;1;0,7;средний;;
6599;1,8;-0,2;1,8;1,3;-2,7;-1,2;-1,2;-2,2;1,1;0,8;высокий;;
6603;0,2;-0,3;-1,8;0,2;1,7;1,7;1,2;1,7;-2,7;-0,3;средний;;
6602;-0,8;3,2;3,2;-1,8;-1,8;-1,8;0,7;-1,8;-0,1;0,7;низкий;;
6604;0,4;1,4;-1,6;0,4;-0,6;-1,1;0,9;-0,1;0,4;-0,1;средний;;
6601;-0,8;-0,3;-1,3;-1,3;0,7;1,7;1,7;1,7;-0,6;-1,3;низкий;;
6609;0,2;-0,8;-1,8;0,7;0,2;0,2;0,7;-0,3;0,5;0,2;средний;;
6608;-0,8;-1,3;-2,3;0,7;0,2;0,7;0,7;-0,8;1;1,7;средний;;
6610;-0,3;-0,8;0,7;1,2;-0,3;0,2;-1,3;-2,3;1,2;1,2;высокий;;
6612;0,5;-0,5;-1;0;-1,5;-0,5;0;1,5;0,5;1;средний;;
6619;-0,2;-0,2;0,8;0,8;-1,2;1,3;0,3;-2,7;1,3;-0,7;средний;;
6617;-0,5;1;-2,5;0,5;0;1;0,5;0;0,2;-0,5;средний;;
6620;0,9;0,9;-0,6;-1,1;-0,6;-0,1;0,4;-0,1;0,2;0,4;низкий;;
6618;-0,2;0,3;-0,7;-0,7;0,3;0,3;0,8;0,8;-0,4;-0,2;низкий;;
6613;-0,1;-0,6;-1,1;1,4;-0,1;-0,1;0,4;-0,1;-0,2;0,4;высокий;;
6621;-1;-2,5;-1;0,5;0,5;1;-0,5;1;1,2;0;средний;;
6615;-0,1;0,9;-0,6;-0,1;-0,1;-0,6;-1,1;-0,1;0,9;0,9;средний;;
6623;1,4;-1,1;-0,1;0,9;-1,1;-0,6;-0,1;-1,1;0,1;1,4;средний;;
6626;-0,6;-1,6;-1,1;0,4;-0,6;-0,1;1,4;1,4;0,4;-0,1;средний;;
6625;0,1;-0,9;-0,4;0,6;-0,9;0,6;0,1;-0,4;0,3;0,6;средний;;
6627;2,6;0,1;-1,4;0,6;-2,4;2,1;-0,9;0,6;-0,1;-0,9;средний;;
6635;-1;0;-0,5;0;-0,5;0,5;1;0;0,1;0,5;средний;;
6644;0,4;-2,1;0,4;0,4;-1,6;0,4;0,4;0,4;0,4;0,4;средний;;
6641;-1,1;-2,1;-1,6;0,9;0,9;0,9;-0,1;0,9;0,9;-0,1;средний;;
6642;-1,5;-2;-2;0,5;1;1;1;1;0,6;0,5;средний;;
6640;-0,9;-1,4;-0,9;1,1;-0,4;1,6;0,6;-0,9;1,2;-0,4;высокий;;
6648;-0,7;0,3;-2,7;0,8;0,3;1,3;2,3;1,8;-2;-0,7;средний;;
6646;0,1;-1,9;-0,9;1,1;-1,4;1,6;0,6;-1,9;1,2;1,1;высокий;;
6420;0,1;-2,4;-0,4;0,6;-0,9;0,6;0,6;0,6;0,6;0,6;средний;;
6638;0;1;-0,5;-1;0,5;0,5;-1;-1;0,5;0,5;низкий;;
6643;0;-1;-1,5;-1;-0,5;1;0;0;1;1;низкий;;
6662;0,2;-0,8;-2,8;-1,3;0,2;1,2;1,2;0,7;0,5;0,7;низкий;;
6630;-0,7;-2,7;-0,7;0,8;0,8;-0,2;0,8;0,3;0,5;0,8;средний;;
6663;-0,6;-0,1;-2,1;0,4;0,4;0,9;1,4;1,9;-1,8;0,4;средний;;
6669;-0,5;-1;-1;1;1;-0,5;0;0,5;0,1;0,5;высокий;;
6686;0,5;0,5;0,5;-0,5;-0,5;-0,5;-0,5;-0,5;0,2;0,5;низкий;;
6681;-0,7;-0,2;-1,2;0,8;-1,2;0,3;0,3;-0,2;0,7;0,8;средний;;
6678;-1,8;-1,3;-3,8;1,2;0,7;1,2;1,2;0,7;0,5;1,2;высокий;;
6694;-0,2;-1,2;0,3;-0,2;-1,7;0,3;-0,7;2,3;1;-0,2;средний;;
6684;1,3;0,3;0,3;0,8;-2,2;-0,7;-1,2;-2,2;1,3;1,3;средний;;
6693;1,3;-2,2;-2,7;0,3;2,3;2,3;1,3;1,3;-1;-2,2;средний;;
6683;0,8;0,3;-0,7;-0,2;-1,2;-1,2;1,8;0,3;0;-0,2;средний;;
6708;0,8;-0,2;-0,2;-0,2;-0,2;-0,2;-0,7;-0,2;0,5;0,3;средний;;
6679;0,3;0,3;-0,7;-0,2;-0,7;0,3;0,3;0,3;0;-0,2;средний;;
6671;-0,1;-0,6;-1,1;0,4;0,4;0,4;0,4;0,4;0,4;-0,6;средний;;
6707;-0,7;-1,7;-1,7;0,3;0,8;0,8;0,3;0,8;0,8;0,3;средний;;
6701;0,7;0,7;-0,8;-0,8;-1,3;0,7;0,7;0,7;-0,6;0,2;низкий;;
6705;-0,9;-2,4;-3,4;1,1;-0,9;0,1;1,1;1,6;1,6;1,6;высокий;;
6688;-0,7;-2,7;-0,7;0,8;0,3;0,3;0,3;-0,7;1,3;1,3;средний;;
6709;0,2;-0,8;-0,8;0,2;0,2;0,2;-0,8;-0,3;0,5;1,2;средний;;
6672;-0,5;-2,5;-1,5;0,5;0,5;1,5;0;0,5;0,5;1;средний;;
6692;-0,3;-0,3;-0,8;1,2;1,2;0,2;-1,8;-1,3;0,2;1,2;высокий;;
6698;0,8;-0,2;-0,7;-0,7;-1,7;0,3;0,3;0,8;0,8;0,3;низкий;;
6682;-1,3;-2,3;-1,8;-1,3;-1,3;1,7;1,7;1,7;0,7;1,7;низкий;;
6713;-1,7;-1,7;0,3;-0,2;-3,2;1,3;1,8;1,3;0,5;1,3;средний;;
6712;0,7;0,7;-1,3;0,7;0,7;-0,8;0,2;-0,3;-0,3;-0,3;средний;;
6697;0,4;-0,1;0,4;-0,6;0,9;0,4;-1,6;-0,1;0,2;-0,1;низкий;;
6616;0,5;0,5;-2;0,5;-1,5;0,5;0,5;0;0,4;0;средний;;
6685;0;-0,5;0;1;0,5;1,5;-0,5;-0,5;-0,1;-1,5;высокий;;
6716;0,7;-0,8;-1,3;-0,3;0,7;0,7;0,7;-1,8;0,7;0,7;низкий;;
6702;1,1;-1,9;0,1;0,6;0,1;0,6;-1,4;1,1;-0,5;0,1;средний;;
6703;0,5;0;-2,5;0,5;0;0,5;0,5;0;0,1;0,5;средний;;
6719;1,4;0,4;-0,1;-0,6;-3,1;0,4;-1,1;-0,6;1,5;1,4;низкий;;
6680;0,2;-1,3;-1,8;1,2;-0,8;0,7;1,7;0,2;0,4;-0,8;высокий;;
6670;0,2;0,2;-0,3;0,7;-0,3;0,2;-1,3;0,2;0;0,2;средний;;
6711;0,3;-2,7;0,3;-0,2;0,8;0,3;0,3;0,3;0,1;0,8;средний;;
6674;-0,3;0,7;-2,3;2,2;-0,8;0,7;0,7;-0,8;-0,8;0,7;высокий;;
6689;0,1;-0,4;-1,4;-0,4;0,1;1,1;0,6;1,6;-0,1;-0,9;низкий;;
6714;0,2;-2,3;-1,3;-0,3;0,7;0,7;-0,8;-0,3;1,7;1,2;низкий;;
6699;-0,1;-0,1;-0,6;0,9;-0,1;-1,6;-1,1;-0,6;1,6;0,9;средний;;
6696;1,3;-1,7;-0,7;0,8;0,3;0,8;-1,2;-0,2;0,3;-0,2;средний;;
6718;0,5;-2,5;-1,5;0,5;-0,5;1;1;1;0;0;средний;;
6695;0,2;-1,3;-1,3;1,2;-0,3;0,7;-0,3;0,2;1;-0,8;высокий;;
6677;0,1;-0,4;-0,4;-0,4;0,6;0,6;0,1;-0,4;-0,2;0,1;низкий;;
6706;-0,5;-1,5;-1,5;0,5;-1,5;1;0;0,5;1;1;средний;;
6690;0,2;2,2;-0,8;-0,8;-0,8;-0,8;-2,3;-0,8;1,2;1,7;низкий;;
6723;1,2;-0,3;-0,8;-0,3;-1,3;1,2;-1,3;1,7;0,2;-0,8;низкий;;
6675;-1;-0,5;-1,5;0,5;1;1;1;-0,5;0;0;средний;;
6676;0,3;-0,7;-0,7;-0,2;-0,7;-0,2;0,8;0,8;0,1;0,8;средний;;
6700;1;-3;-1,5;1;-1;-0,5;1,5;1;0,1;1,5;высокий;;
6720;2,6;1,6;1,1;1,6;-1,4;-0,4;-1,4;-1,4;-1,2;-0,4;высокий;;
6691;-1;-3;-3;2;2;2;2;2;-0,7;-1,5;высокий;;
6673;0,4;-0,6;-0,1;1,4;-0,1;-0,6;-0,1;-1,1;1,2;-0,6;высокий;;
6687;1,8;-0,2;-1,2;0,3;-0,7;1,3;0,3;-0,7;-0,2;-0,2;средний;;
6726;0,5;-2;-2;0;-0,5;1;1;-0,5;1;1;средний;;
6704;2;0;0,5;0,5;-1,5;-0,5;-1;-0,5;0;0;средний;;
6725;0,7;-0,8;0,7;0,7;-2,3;-0,8;0,7;-0,8;0,7;0,7;средний;;
6724;-0,3;0,2;-1,3;-0,8;-0,8;1,7;-1,3;-1,8;1,7;1,7;низкий;;
6453;1,1;-2,9;-2,4;1,1;0,6;2,1;0,1;-0,4;0,1;0,6;высокий;;
6728;-1,1;-0,6;0,4;0,4;0,4;0,4;-1,1;-0,1;0,2;0,9;средний;;
6727;-0,8;-0,8;-1,8;1,7;-0,8;0,2;0,7;0,2;1;-0,3;высокий;;
6733;0;0;0;0;0;0;0;0;0;0;средний;;
6730;0;0;0;0;-0,5;0;0;0;0;0;средний;;
6721;0,8;-0,7;-0,7;0,3;-0,7;-0,2;1,3;1,3;-0,7;-0,2;средний;;
6715;-0,4;0,1;0,6;0,6;0,1;0,6;-1,4;-1,9;0,6;0,6;средний;;
6737;0,1;-0,9;-1,4;0,1;-1,4;0,6;0,6;0,6;0,6;0,6;средний;;
6734;-0,2;-0,2;0,3;1,3;-0,2;-0,2;-0,2;-1,2;0,8;-0,7;высокий;;
6729;1,2;-0,3;0,2;1,2;1,2;-1,3;-2,3;-1,3;0,9;-0,3;высокий;;
6738;-0,4;-3,4;-3,4;1,1;1,1;1,1;0,6;1,1;0,5;1,1;высокий;;
6744;-1,3;-1,8;0,7;0,2;0,2;0,7;0,2;-0,3;0,3;1,2;средний;;
6746;-0,3;-2,3;-1,3;1,2;0,7;1,2;-0,3;0,2;1,2;-0,8;высокий;;
6743;-0,7;-3,7;-1,7;1,3;1,3;1,3;1,3;-0,7;1,3;-0,2;высокий;;
6749;1,5;-0,5;-1;0;-1,5;-0,5;2;0,5;0;0;средний;;
6748;-0,4;0,6;-0,4;0,6;-0,9;0,1;-1,4;-1,4;1,1;1,1;средний;;
6750;1,1;1,1;0,6;-2,9;-2,4;-0,9;-1,9;-0,4;2,1;2,1;низкий;;
6751;-1;-2,5;-0,5;1,5;1;0;-1;-0,5;1,5;1;высокий;;
6657;-0,5;-2;-2;1;1,5;1,5;0;0,5;0;0,5;высокий;;
6634;-0,6;-1,6;-1,1;0,9;-0,6;-0,1;-0,6;0,4;1,2;1,4;средний;;
6753;0,9;-1,1;-0,6;0,9;0,4;-0,1;-1,1;-1,1;0,2;1,4;средний;;
6757;-0,1;-2,6;-1,6;0,9;0,4;1,4;0,4;-0,1;0,5;0,9;средний;;
6736;0;-0,5;-0,5;0;0;-1;1;1;1;-2;средний;;
6760;0;-1;-1,5;-0,5;-1;1;2;1;0,6;-0,5;низкий;;
6654;1,6;0,6;-0,4;-0,4;-1,4;-0,9;-0,4;-0,4;0,8;0,6;низкий;;
6759;1,3;-0,7;-2,2;0,8;-0,2;0,8;0,8;0,8;0,1;-1,2;средний;;
6658;1,5;-0,5;0;0,5;-0,5;-1,5;-0,5;-0,5;0,8;0,5;средний;;
6656;0,1;-0,4;-3,4;0,6;0,6;0,6;0,6;0,6;0,3;0,1;средний;;
6649;0,9;0,9;1,4;0,4;-2,1;-1,6;-1,6;-2,1;1,4;1,4;средний;;
6756;-1;-3;-2;1;1,5;1,5;-0,5;1,5;0,7;-0,5;высокий;;
6766;-0,3;1,7;0,7;-0,3;-0,8;-0,8;0,7;-0,8;0;-0,3;низкий;;
6764;-0,5;-1,5;-0,5;-0,5;0;1;-1;0;0,5;2;низкий;;
6765;-0,2;-1,7;-0,7;1,3;-0,7;0,3;-0,2;0,3;0,8;0,3;высокий;;
6767;-0,6;-0,1;-0,6;-0,6;0,4;0,4;0,4;-0,6;0,4;0,4;низкий;;
6661;0,1;-1,4;-1,4;-0,4;-1,4;1,1;0,1;-0,4;0,8;2,1;низкий;;
6732;0;-0,5;0;0;0;0;0;0;0;0;средний;;
6771;-0,6;-0,6;-0,6;0,4;1,4;0,4;-1,1;1,4;0;-0,6;средний;;
6769;0,4;-2,1;-1,6;-0,6;-0,1;0,9;1,4;1,9;0,5;-0,6;низкий;;
6770;1,8;1,3;1,8;1,3;-2,7;-2,7;1,8;-0,7;-0,9;-0,2;высокий;;
6768;0,7;-2,3;-1,8;1,2;1,2;1,2;-0,3;-1,3;0,5;0,7;высокий;;
6650;1,8;-1,2;0,3;1,3;0,3;-0,7;-1,2;-1,2;0,4;0,3;высокий;;
6660;0,1;-0,4;0,1;-0,9;-0,4;1,1;1,1;1,1;-0,2;-1,9;низкий;;
6777;-0,7;-0,7;-0,7;0,3;0,3;0,3;0,3;-0,2;0,3;0,3;средний;;
6775;-0,4;-0,9;-0,9;1,1;1,1;0,6;1,1;1,1;-0,2;-2,4;высокий;;
6776;0;-1;-1;1,5;0;0;-1;-1;1,4;0;высокий;;
6772;0;0;-0,5;1;0,5;0,5;0,5;-4;1;1;высокий;;
6773;0,1;-1,9;-0,4;0,6;0,1;1,1;-0,4;-1,4;1,1;0,6;средний;;
6778;0,1;0,1;0,6;1,6;1,6;-0,9;-3,4;-3,4;1,6;1,6;высокий;;
6774;1;-1;1,5;1,5;-0,5;-0,5;-2;-2;0,7;0,5;высокий;;
6788;2;-3;-3;1,5;2;0;-3;-1;2;2;высокий;;
6785;-1,3;-0,3;0,2;0,2;0,2;0,2;0,2;0,2;0,2;0,2;средний;;
6784;-0,9;-0,9;-1,9;0,6;0,1;0,6;0,6;0,6;0,3;0,6;средний;;
6667;-0,5;-1;-2,5;1,5;0;0;2;2;-0,7;0;высокий;;
6814;0,7;-0,8;-0,3;-0,8;-1,8;0,7;-0,3;0,7;0,7;0,7;низкий;;
6795;0,2;0,2;-0,3;-0,3;-0,8;0,7;-0,3;0,7;0,4;-0,8;низкий;;
6798;0,6;-1,9;-0,9;0,6;-1,9;0,6;0,6;0,6;0,6;0,6;средний;;
6793;-0,4;0,1;-0,4;0,6;0,6;0,1;-0,4;-0,9;0,1;0,1;средний;;
6783;0;0;0;0;0;0;0;0;0;0;средний;;
6825;-1,2;-1,2;-1,2;0,8;0,8;0,8;0,3;0,3;-0,2;0,8;средний;;
6809;-0,8;-0,8;-0,3;1,2;0,2;0,2;0,2;1,2;-0,8;0,2;высокий;;
6822;-1,9;-2,9;-1,9;1,1;1,6;1,1;1,1;0,6;0,2;1,1;высокий;;
6794;0,5;-1;-0,5;0;-1;1,5;0;-0,5;0,8;0;средний;;
6808;-0,9;-2,4;-1,9;0,6;1,1;1,1;0,1;-0,9;1,1;1,6;средний;;
6812;1,6;-0,4;-0,4;-0,4;0,1;0,1;-0,9;-0,4;0,2;0,6;низкий;;
6817;0,4;-1,6;0,4;-0,1;0,4;0,9;0,4;-0,1;-0,3;-0,1;средний;;
6807;0,9;-0,1;-0,6;0,4;-0,1;-0,6;-0,1;0,4;-0,1;-0,1;средний;;
6797;-1,1;-0,6;-0,6;0,9;-1,6;-0,1;-0,6;-0,1;1,7;1,4;средний;;
6813;0;-1;-3;1,5;-2;1,5;1,5;0,5;0,5;0;высокий;;
6805;0,8;-0,7;-1,2;-0,2;-0,2;0,8;-0,7;-0,7;0,8;0,8;средний;;
6799;0,2;-0,8;-1,8;0,2;-0,8;1,2;0,7;0,7;1;-0,8;средний;;
6810;0,8;-1,7;-0,7;1,3;0,8;0,3;-0,2;-0,7;0;-0,2;высокий;;
6815;0,8;-1,7;0,3;1,8;-0,2;-0,2;-1,7;-2,2;1,1;1,8;высокий;;
6806;-1,5;-1,5;-1;0;1;0,5;1;1;0,3;0;средний;;
6802;-1;-2,5;-1,5;1;0,5;0,5;1,5;1,5;0,5;-0,5;высокий;;
6800;-0,1;-1,6;-2,6;0,9;0,9;0,9;0,4;0,4;0,2;0,4;средний;;
6803;0,2;0,2;-0,3;0,7;0,2;0,7;-0,8;-1,3;-0,3;0,7;средний;;
6796;-0,9;-1,9;-1,4;-0,4;0,1;1,1;-0,4;-1,9;2,3;2,1;низкий;;
6786;0,8;-0,2;-0,2;0,3;-0,7;1,3;-0,2;0,8;-0,7;-0,7;средний;;
6792;0,6;-0,4;-0,4;-0,4;-1,4;1,1;0,1;-0,4;0,4;0,6;низкий;;
6823;0,4;-0,1;-0,1;-0,1;-2,1;1,4;-0,1;-0,1;0,1;0,4;средний;;
6830;-1,6;-3,6;-1,1;1,4;1,4;1,4;-0,1;-0,1;1,4;-0,1;высокий;;
6831;0,6;-0,9;0,1;0,1;0,1;-0,4;-1,4;-0,4;1,4;0,1;средний;;
6818;-0,7;-2,7;-1,7;1,3;2,3;2,3;-1,7;-1,2;1;0,3;высокий;;
6790;-0,4;0,1;-1,9;0,1;0,6;0,1;0,1;0,1;0,8;0,1;средний;;
6816;0,7;-2,8;-2,3;1,7;0,2;1,2;0,2;0,7;0,3;0,2;высокий;;
1549;1;1;1;-0,5;-2,5;-2,5;0;0;0,7;1;низкий;;
6811;0,9;-1,6;-1,6;-1,1;0,4;-0,1;1,9;1,4;-0,5;0,9;низкий;;
6801;-2,3;-0,8;0,2;-0,8;0,2;1,7;-0,3;-1,3;1;1,7;низкий;;
6828;-0,6;0,9;1,4;-0,6;-0,6;1,4;-0,6;-0,1;-0,6;-0,6;низкий;;
6833;-0,1;-0,6;-1,6;0,4;-1,6;0,4;0,9;0,4;0,9;0,9;средний;;
6758;0,6;-0,4;0,6;0,6;-0,4;-0,4;-0,9;-0,9;0,6;0,6;средний;;
6804;0,7;-0,3;-0,3;-0,3;-0,8;0,7;-0,3;-0,8;1;-0,3;низкий;;
6829;-1,9;0,6;1,1;0,1;-0,4;0,1;-0,4;0,6;0,8;-0,9;средний;;
6789;-1,8;0,2;0,2;0,2;0,2;0,2;0,2;0,2;0,2;0,2;средний;;
6820;1,3;0,8;0,3;-1,2;-1,2;-0,7;-0,2;-1,2;0,8;0,8;низкий;;
6787;-0,3;0,2;0,7;0,2;-0,3;-0,3;0,2;0,2;-0,1;-0,3;средний;;
6827;0,1;-2,4;0,1;0,1;1,1;0,6;0,6;-0,9;0,4;0,1;средний;;
6781;0,3;-0,2;-0,7;-0,2;-0,2;0,3;-0,7;-0,2;0,8;0,8;средний;;
6782;0,9;1,4;-0,6;-0,1;-2,1;-0,1;-1,1;-0,6;0,8;0,9;средний;;
6832;-0,2;-1,7;-3,2;0,3;-0,7;1,3;1,3;0,3;1;1,3;средний;;
6839;0,8;-3,2;-3,2;0,8;0,8;0,8;0,8;0,8;0,8;0,8;средний;;
6844;0,2;0,2;0,2;-0,3;-0,3;0,2;0,2;0,2;-0,1;-0,8;низкий;;
6840;0,3;-2,7;-2,7;0,8;0,8;0,3;0,3;0,8;0,8;0,8;средний;;
6835;1;-1,5;-0,5;0,5;0;0;-0,5;-0,5;-0,1;1,5;средний;;
6841;0,7;-2,3;-0,3;1,2;-0,8;0,2;1,2;1,2;0,3;-1,3;высокий;;
6843;1,3;-0,2;-1,7;-0,2;0,3;0,8;1,3;-1,7;-0,4;0,8;средний;;
6846;1,5;0;-2;-1;-1,5;1;0,5;1;0,1;0,5;низкий;;
6578;-0,5;0;-1,5;1;0;1;-1;-1;0,7;1;высокий;;
6847;0,1;-0,9;0,1;0,1;0,1;0,1;0,1;0,1;0,1;0,1;средний;;
6848;-1,3;-2,8;-0,8;1,2;1,2;-0,3;0,2;-0,8;1,2;1,2;высокий;;
6851;-0,2;2,3;-0,7;1,8;-1,2;-1,2;-1,7;-0,7;-0,2;2,3;высокий;;
6850;1;-1;-3;0,5;-1,5;1;1,5;0,5;0,1;1;средний;;
6639;-0,4;0,1;0,1;-0,4;0,6;-0,4;0,1;-0,4;-0,4;1,1;низкий;;
6853;0,5;-1,5;-1;-0,5;-0,5;0,5;-1;1;1,3;0,5;низкий;;
6852;0;-1;-1,5;0;-0,5;0,5;0;0;0,7;1;средний;;
6636;1,8;0,3;-2,7;0,8;-1,7;1,8;-1,7;-0,7;0,8;1,3;средний;;
6856;-0,3;-1,3;-1,3;0,2;-0,3;1,7;-0,3;-0,8;1;1,2;средний;;
6632;-0,6;-1,1;-0,6;1,4;0,4;-1,6;0,4;-0,1;0,2;1,4;высокий;;
6779;-0,3;-1,3;-0,3;-0,3;-0,3;0,7;0,7;0,7;0;0,2;низкий;;
6860;0,6;-0,9;-0,9;-0,9;0,1;0,1;-0,4;-0,4;0,8;1,1;низкий;;
6854;0,4;0,9;0,9;-1,1;-0,6;-0,1;-1,6;-0,6;0,4;0,9;низкий;;
6861;-0,8;-0,8;0,2;0,2;0,2;0,2;0,2;0,2;0,2;0,2;средний;;
6862;1,1;-1,4;-0,4;0,6;0,1;0,6;0,1;-0,9;0,1;0,1;средний;;
6864;-0,7;-1,2;0,8;1,3;-0,7;0,3;-0,7;0,3;-0,2;0,8;высокий;;
6863;-2,4;-2,9;1,1;1,1;1,1;1,1;1,1;0,6;0,1;-0,9;высокий;;
6865;1,3;-1,7;-2,2;0,3;-0,2;0,8;-0,2;-1,7;1,3;1,3;средний;;
6866;0,8;-2,7;-4,2;0,8;0,8;0,8;0,8;0,8;0,8;0,8;средний;;
6867;0,5;-0,5;1;-0,5;-2,5;-0,5;1;-0,5;1;0,5;низкий;;
6868;-0,4;-0,4;-1,4;0,6;-1,9;0,6;1,1;0,1;0,1;1,1;средний;;
6869;1,6;0,1;-1,9;-0,4;0,1;1,1;1,1;-1,9;0,9;-0,9;низкий;;
6871;-1,9;0,1;2,1;1,1;-0,9;-1,9;0,1;2,1;0,6;-1,9;высокий;;
6870;1,2;-1,3;1,2;-0,8;-1,8;-0,3;-0,8;-0,8;1,2;1,2;низкий;;
6874;-0,2;-0,7;-0,2;-0,7;-0,2;0,8;0,8;0,8;-0,2;0,3;низкий;;
6876;1;-1,5;-1;0;0;1;-0,5;-0,5;0,3;1;средний;;
6873;1;-1;-0,5;0;-1;0,5;-0,5;0,5;0,5;0,5;средний;;
6877;0,6;0,1;0,1;0,1;-0,4;-0,4;-2,4;-0,9;0,8;1,6;средний;;
6878;0,2;0,2;0,7;-0,3;-1,3;0,2;-0,8;0,2;0,5;0,2;низкий;;
6880;-1,5;0,5;-1;1;-2,5;1,5;0,5;0,5;-0,8;2;высокий;;
6881;1;-1;-1;0,5;0;0;-1,5;-1;0,7;1,5;средний;;
6879;-1,6;-1,1;-1,1;1,4;0,9;-0,1;1,4;-0,1;0,4;-0,1;высокий;;
6882;-0,6;-2,6;-0,6;0,4;0,4;0,4;0,4;0,4;0,8;0,4;средний;;
6883;-3,1;-2,6;-3,6;1,4;1,4;1,4;1,4;1,4;1,4;0,4;высокий;;
6885;0,4;0,4;0,4;0,4;0,4;-0,6;-1,6;0,9;-0,3;-0,1;средний;;
6884;0,4;-1,6;0,4;-0,1;-1,6;0,4;0,9;-0,6;1,4;-0,1;средний;;
6875;0,3;-1,2;-1,7;1,3;1,3;0,8;0,3;-0,7;-1;1,3;высокий;;
6886;1,8;-0,7;1,3;0,8;-2,7;-0,2;-0,7;1,8;-0,6;-0,2;средний;;
6887;0,9;-0,1;-0,1;-0,1;-0,1;-0,1;-0,1;-0,1;-0,1;-0,1;средний;;
6888;-0,5;0,5;-1,5;-0,5;1;0,5;0,5;-1,5;1;0,5;низкий;;
6872;-1;-3,5;-1,5;1,5;1,5;1,5;0,5;0,5;-0,5;1,5;высокий;;
6890;0;-2;-1;0;1,5;0,5;1;1,5;-0,2;-1;средний;;
6606;0,7;-2,8;-1,3;1,2;-0,3;0,7;1,2;-0,3;0,2;0,7;высокий;;
6891;-0,4;-2,9;-1,9;1,6;-0,9;1,6;1,1;1,6;0,1;0,1;высокий;;
6889;1;-1,5;-2;0;1;0,5;0;0;0;1;средний;;
6892;0;-0,5;1;-1;-0,5;1,5;0;1;-0,9;0;низкий;;
6893;1,1;-0,4;-2,4;1,6;-0,4;0,1;-0,4;-1,9;1;1,1;высокий;;
6894;-0,5;0;1;0;0;0;0;0;-0,2;0;средний;;
6895;1,9;-1,6;-1,6;1,4;-2,1;1,9;0,4;0,4;-0,3;-0,1;высокий;;
6897;-0,2;-0,7;-1,2;-0,7;-0,2;0,3;0,3;0,3;0,8;0,8;низкий;;
6898;1;-1,5;0;-1;1;0,5;0;0;0,7;-1;низкий;;
6900;1,7;-0,8;-1,8;0,7;-0,8;0,7;0,7;-0,3;0,3;-0,3;средний;;
6901;-1,2;-0,7;0,8;0,3;0,3;-0,2;-0,2;-1,7;1;1,3;средний;;
6905;0;0;0;0;0;0;0;0;0;0;средний;;
6906;1,1;-0,4;-0,4;1,6;0,1;-1,4;-1,9;-2,4;0,8;2,1;высокий;;
6904;-1,4;-0,4;-0,9;0,1;0,1;0,6;-0,4;-0,4;1;1,1;средний;;
6903;0,8;-2,2;-2,7;-0,2;0,3;0,3;-0,2;0,3;1,3;1,3;средний;;
6907;-0,3;-0,8;-1,3;0,7;0,2;1,2;0,2;-0,3;0,2;0,2;средний;;
6909;1,6;0,6;1,1;-1,4;-0,9;0,1;-1,9;-1,9;1,1;1,1;низкий;;
6912;-0,2;-0,2;0,3;-0,2;0,3;-0,2;-0,7;0,3;0;0,3;средний;;
6913;-0,3;-1,8;-1,8;1,2;-0,3;0,2;0,7;-0,3;1,2;0,7;высокий;;
6914;-0,8;-0,8;-0,8;-0,3;0,7;1,2;-0,8;0,2;0,6;0,2;низкий;;
6915;-0,6;-0,6;-1,6;1,9;0,9;0,9;-0,6;-2,1;1,9;-1,1;высокий;;
6917;0,9;-1,1;1,4;0,4;-0,1;-0,1;-0,1;0,4;-1,1;-0,1;средний;;
6916;-0,5;0,5;0;0;0;0;0;0;0;0;средний;;
6920;-0,8;0,2;-0,8;0,7;-0,3;0,2;-0,8;-0,3;0,5;1,2;средний;;
6918;0,4;-1,1;-2,1;0,9;0,9;-0,6;1,4;-0,1;0,1;-0,1;средний;;
6922;1,2;-0,3;-2,3;-0,8;-0,3;0,7;0,2;0,7;-0,1;0,7;низкий;;
6919;0;0;0;0;0;0;0;0;0;0;средний;;
6926;-0,4;0,6;0,1;0,1;-1,4;-0,4;0,1;-0,4;0,8;0,6;средний;;
6925;-2,1;-2,1;0,4;2,9;2,9;2,9;-2,1;0,4;-0,5;-2,1;высокий;;
6923;0,9;-0,1;-1,1;0,4;-2,1;1,4;-0,1;0,4;0,2;0,4;средний;;
6924;-0,8;-3,3;-0,8;1,7;1,7;1,7;1,7;1,7;-1,7;-0,8;высокий;;
6927;-1,7;-0,7;-0,2;-0,7;0,3;0,8;0,8;0,8;0,8;-0,7;низкий;;
6928;0,2;-0,8;-2,3;-0,3;-0,3;0,2;0,7;1,2;0,9;-0,3;низкий;;
6929;-1,7;-0,7;-0,2;-0,2;-0,2;1,3;-0,2;2,3;-0,2;0,3;средний;;
6930;-0,5;0;0;0,5;0,5;1;0;0,5;-0,7;-0,5;средний;;
6931;-0,8;-1,8;0,7;1,7;1,7;0,2;0,2;-0,8;0,2;-1,3;высокий;;
6932;0,4;-0,1;-0,1;0,4;-0,1;-0,1;-1,1;-1,1;0,6;0,9;средний;;
6933;1,9;-0,1;-1,1;0,4;-1,6;-0,6;-0,1;-0,6;0,9;0,9;средний;;
6937;-1,5;-0,5;-2;0,5;0,5;0,5;0,5;0,5;0,5;0,5;средний;;
6943;-1,2;-3,2;-2,7;1,8;1,8;1,8;0,8;1,3;-0,5;0,3;высокий;;
6940;0,7;-0,3;-1,8;0,2;-1,3;0,2;-0,3;0,7;0,7;0,7;средний;;
6944;0,3;-1,7;-3,7;0,8;0,8;1,3;1,3;1,3;-0,4;0,3;средний;;
2628;0,1;0,1;-0,4;1,1;-0,9;-0,9;0,6;0,1;-0,2;0,6;высокий;;
6945;-1;-1;-2,5;1,5;0;0,5;0;-0,5;1,4;0,5;высокий;;
t42;0,3;0,3;-0,7;-0,7;-0,7;-0,2;-0,7;-0,7;1,8;0,8;низкий;;
t9;0,3;0,8;0,3;0,8;-0,7;-1,7;0,8;-1,2;0;0,3;средний;;
t68189;-0,7;0,8;-0,2;0,3;0,3;0,8;0,8;0,3;-0,9;-1,2;средний;;
t68020;-1,5;-2;-1;1,5;0,5;1;1;0;-0,6;1;высокий;;
t68163;2,1;-0,4;-0,9;-0,9;-2,4;2,1;-0,9;-0,4;0,8;0,1;низкий;;
t35479;-1,4;-1,9;-1,9;2,1;0,1;1,6;-2,4;-1,4;2;2,1;высокий;;
t27065;0,7;-0,3;0,7;0,2;-0,8;0,7;-0,3;-1,8;0,7;0,2;средний;;
t55711;-3;1;0,5;1;1;1;1;-3;0;0,5;высокий;;
t33991;0;1,5;0,5;-1;-1,5;0;-1;-1,5;2;0,5;низкий;;
t62791;0,7;-1,3;-1,3;2,7;-0,8;2,7;-1,3;-0,3;-1,3;0,7;высокий;;
t31752;-0,4;-3,4;-3,4;-0,4;-0,4;1,6;1,6;1,6;1;1,6;низкий;;
t33860;-1;-1,5;-0,5;1,5;1;0,5;-1;-0,5;0,5;0,5;высокий;;
t31432;-1,6;-2,1;-1,1;0,9;1,9;1,9;2,4;1,4;-1,1;-2,1;средний;;
t27723;1,2;1,7;-0,3;0,2;-2,3;-2,8;1,7;1,2;0,2;-1,3;средний;;
t9666;0,4;1,4;-1,6;0,9;-1,1;-1,1;-0,1;0,4;-0,1;0,9;средний;;
t67572;-1;-2;0,5;1,5;1,5;0,5;0;-1,5;-0,5;1,5;высокий;;
t42308;1;-0,5;-1;0,5;-1;0,5;-0,5;2;-0,5;-0,5;средний;;
t45845;0,2;-0,8;0,2;0,2;-0,8;0,2;0,2;-0,8;0,5;0,7;средний;;
t67486;0,5;-2;-2;0,5;-0,5;1;0;0;1,2;0,5;средний;;
t52943;-0,3;-3,3;-1,3;0,7;0,7;0,7;0,7;0,7;0,7;0,7;средний;;
t67644;-0,5;-1;0;0;0,5;0,5;-0,5;0;0,2;0,5;средний;;
t55826;1,3;1,3;-2,2;-0,7;-1,7;0,8;-0,7;0,3;0,1;1,8;низкий;;
t37032;0,1;-1,9;-2,4;0,6;-0,4;0,1;1,1;0,6;0,6;1,1;средний;;
t23126;0,2;-0,8;-0,8;0,2;-0,8;0,2;1,2;-1,3;0,2;1,2;средний;;
t55231;-1,8;-2,3;-1,3;1,2;0,7;1,7;-0,8;-0,3;0,9;1,7;высокий;;
t39397;-0,1;-1,1;-2,1;0,4;-0,1;-0,1;1,9;-0,1;0,5;0,9;средний;;
t31956;0;0;0;0;0;0;0;0;0;0;средний;;
t53692;0,1;0,6;0,1;-0,4;-0,4;-0,9;-1,4;-0,9;0,8;1,6;низкий;;
t36807;1;-1;-2,5;0,5;-1;0,5;0,5;0,5;0,3;1,5;средний;;
t54881;0;0;0;0;0;0;0;0;0;0;средний;;
t14065;0;0;0;0;0;0;0;0;0;0;средний;;
t47591;1,2;-0,8;-3,3;-0,3;-1,8;1,2;1,2;-0,3;1,2;1,2;низкий;;
t35512;3,2;0,7;-1,8;-1,8;-0,8;-0,8;1,2;0,2;-0,1;-0,3;низкий;;
t643;1;1,5;1;1;-1,5;-1;-0,5;0;-0,5;-0,5;высокий;;
t15785;0;0;0;0;0;0;0;0;0;0;средний;;
t31528;1,2;0,7;-0,3;0,2;-0,3;-0,3;-0,3;-0,3;-0,3;-0,3;средний;;
t40524;1,1;-1,4;-0,9;0,1;-1,4;0,6;0,6;1,1;-0,9;1,6;средний;;
t44986;-0,9;-2,4;0,6;0,1;0,1;2,1;-0,9;0,6;0,8;-0,4;средний;;
t64793;-2,3;-1,3;2,2;0,7;-1,3;0,7;-0,3;-1,3;1,2;0,7;средний;;
t37204;-1,7;-0,7;-2,7;0,3;1,3;-2,2;-0,2;1,8;1,5;1,8;средний;;
t62805;-0,9;-1,9;-1,4;1,1;-0,9;2,6;-0,4;-1,4;1,2;1,6;высокий;;
t35433;0;0;0;0;0;0;0;0;0;0;средний;;
t27365;0;0;0;0;0;0;0;0;0;0;средний;;
t36396;-0,1;0,4;0,9;-0,1;-2,1;-2,1;-0,1;0,4;1,2;0,9;средний;;
t67568;0,5;1;-1,5;0;-0,5;-0,5;0;0;0,7;-0,5;средний;;
t36840;0,6;-0,4;-1,9;1,1;-1,4;0,1;1,1;0,6;-0,4;0,6;высокий;;
t47311;-0,4;-0,4;0,6;-0,4;0,1;0,6;-0,4;-0,4;0,5;-0,4;низкий;;
t47125;1,3;-1,2;-0,7;1,3;-2,2;0,3;1,3;-1,7;0,3;0,8;высокий;;
t46118;-1,7;-1,7;-0,7;0,3;1,3;1,3;-0,2;0,3;0,3;0,3;средний;;
t29960;0;0;0;0;0;0;0;0;0;0;средний;;
t67587;0,3;-1,7;-1,2;-1,2;-0,2;-0,2;1,3;-0,7;1,5;1,3;низкий;;
t30868;-0,3;-0,8;-1,3;0,2;0,7;0,2;0,2;0,7;0;0,7;средний;;
t55289;0;0;0;0;0;0;0;0;0;0;средний;;
t67622;-0,2;-0,2;1,3;1,3;-1,7;-1,7;-1,7;-1,7;1,7;1,8;высокий;;
t67391;-0,5;-1;-1;2,5;0;0,5;0,5;0;-0,5;0;высокий;;
t54583;0;0;0;0;0;0;0;0;0;0;средний;;
t29740;0;0;0;0;0;0;0;0;0;0;средний;;
t63141;0,3;-0,7;-3,2;0,8;0,3;0,8;0,8;-0,2;0,8;0,3;средний;;
t36479;-0,9;-1,4;-1,4;1,1;0,6;0,1;1,1;0,6;0,2;0,1;высокий;;
t53148;-0,2;-2,2;-2,2;0,8;0,8;0,8;0,8;0,3;0,5;0,3;средний;;
t55854;0,1;-1,4;-1,9;-0,9;0,1;0,1;2,1;1,1;0,1;0,1;низкий;;
t45365;0;0;0;0;0;0;0;0;0;0;средний;;
t54870;0;0;0;0;0;0;0;0;0;0;средний;;
t67694;0;0;0;0;0;0;0;0;0;0;средний;;
t52209;-0,8;-1,3;-2,3;1,7;0,2;1,7;1,7;1,7;-1,3;-0,8;высокий;;
t47324;-2,6;-2,6;-1,1;2,4;1,4;0,9;0,4;-0,1;0,1;0,9;высокий;;
t67497;0,4;0,4;-1,1;-0,6;-2,1;0,4;1,9;1,9;-0,5;-0,1;низкий;;
t46987;-0,7;-0,7;-1,7;1,3;0,3;0,3;1,3;0,8;0;-0,7;высокий;;
t36779;0,5;-2,5;-1;0,5;-2,5;2;1;1;0,7;-0,5;средний;;
t52127;1,2;-3,3;-1,8;0,7;-1,3;-1,3;1,7;-0,3;1,7;1,7;средний;;
t53047;0,4;1,4;1,4;-0,6;-2,6;0,4;-0,6;-3,6;1,4;1,4;низкий;;
t30736;-1,2;-1,2;-1,2;1,3;1,3;0,3;-0,2;0,3;0,1;0,3;высокий;;
t45343;0,7;-1,3;-0,3;0,7;-2,3;-0,3;0,7;0,7;0,7;0,2;средний;;
t45168;0,2;0,2;-3,3;1,2;-0,3;0,7;0,2;-0,8;0,9;0,2;высокий;;
t45481;-0,4;-0,4;0,1;0,1;0,1;0,1;0,1;0,1;0;0,1;средний;;
t27517;-1;-1,5;-1;1;0,5;1;1,5;1;-1,7;1;высокий;;
t55513;0,4;0,9;-0,6;0,4;-2,1;-0,1;-0,6;-0,6;0,9;0,9;средний;;
t50300;1;-2,5;-3;1;1;1;1;1;1;-2;высокий;;
t29552;-2,5;-0,5;-1,5;1,5;1;0;1,5;-0,5;0,7;0;высокий;;
